Subject,background,femoral cartilage,lateral tibial cartilage,medial tibial cartilage,patellar cartilage,lateral meniscus,medial meniscus
Subject_01_031,,[nan],[1.4863389768915685],[nan],[nan],,
Subject_01_032,,[nan],[1.4499181091474524],[nan],[nan],,
Subject_01_033,,[1.4400689369793143],[1.3562208233094606],[nan],[nan],,
Subject_01_034,,[2.154685998220231],[1.4012601600762726],[nan],[nan],,
Subject_01_035,,[1.530994168378357],[1.4632354231365055],[nan],[nan],,
Subject_01_036,,[1.5957366373611812],[1.3821886378531998],[nan],[nan],,
Subject_01_037,,[1.563282747979272],[1.4467679395173527],[nan],[nan],,
Subject_01_038,,[1.5686326737536571],[1.4884157355560235],[nan],[nan],,
Subject_01_039,,[1.531849046116002],[1.541522873727296],[nan],[nan],,
Subject_01_040,,[1.5260160125601328],[1.7010114753947048],[nan],[nan],,
Subject_01_041,,[1.5628592550580658],[1.6931665218272987],[nan],[nan],,
Subject_01_042,,[1.5423849213118488],[1.8039401417824033],[nan],[nan],,
Subject_01_043,,[1.611075223190042],[1.9735593318120694],[nan],[nan],,
Subject_01_044,,[1.6005976431659432],[1.987667234124088],[nan],[nan],,
Subject_01_045,,[1.5502745443583166],[2.0378040823729475],[nan],[nan],,
Subject_01_046,,[1.5790490754537059],[2.088199497468267],[nan],[nan],,
Subject_01_047,,[1.6191109446442744],[2.2066482785178128],[nan],[nan],,
Subject_01_048,,[1.6326138168035056],[2.161644309894078],[nan],[1.492058777227037],,
Subject_01_049,,[1.7034817716541302],[2.2813325702311755],[nan],[1.5524693767463222],,
Subject_01_050,,[1.8079056471399686],[2.1339918777746116],[nan],[1.6191430988409927],,
Subject_01_051,,[1.878708262436279],[2.227720493503748],[nan],[1.7850114222898454],,
Subject_01_052,,[1.9148512537893807],[2.3036844207069507],[nan],[1.8860586831250372],,
Subject_01_053,,[1.9452645343748955],[2.2812714878915243],[nan],[1.647836548158541],,
Subject_01_054,,[1.9429050021650645],[2.352382065404231],[nan],[1.7688957504551739],,
Subject_01_055,,[1.9214876036813273],[2.3745654512825802],[nan],[1.9969958336149602],,
Subject_01_056,,[1.938907697851332],[2.369837729423946],[nan],[1.8370071332087603],,
Subject_01_057,,[2.0128223603491913],[2.484311271110445],[nan],[2.0143386725097834],,
Subject_01_058,,[2.014293823731944],[2.340683798683357],[nan],[1.9070660949817517],,
Subject_01_059,,[2.040015715306733],[2.2985800399675984],[nan],[1.9590463599490748],,
Subject_01_060,,[2.037597128753815],[2.34664967940729],[nan],[1.9326226144251137],,
Subject_01_061,,[2.096894945985608],[2.367099817266224],[nan],[1.9405276327855205],,
Subject_01_062,,[1.9855924418438786],[2.357305323240246],[nan],[2.164765492803215],,
Subject_01_063,,[2.0078883220111305],[2.259327121703543],[nan],[2.1087251016445876],,
Subject_01_064,,[2.034854542093378],[2.083439460583004],[nan],[2.084636192090282],,
Subject_01_065,,[2.1010568940323346],[2.0133129104867917],[nan],[2.0177392834828116],,
Subject_01_066,,[1.9883920070766097],[1.770961570583753],[nan],[2.0279074693588943],,
Subject_01_067,,[1.8712456807226623],[1.672387335091747],[nan],[2.365510018787764],,
Subject_01_068,,[1.9336082892831832],[1.568224622654358],[nan],[2.2594680857150045],,
Subject_01_069,,[1.9470202569973238],[1.5136722645063765],[nan],[2.1390020658370847],,
Subject_01_070,,[1.8817406099842215],[1.5113447237132644],[nan],[1.8226950589524882],,
Subject_01_071,,[2.01161643833251],[1.412078693543149],[nan],[1.6740621331414678],,
Subject_01_072,,[2.286764063255267],[1.4810310954368038],[nan],[1.9268137503999538],,
Subject_01_073,,[2.146288636583404],[1.4049418580759594],[nan],[1.5727632536230927],,
Subject_01_074,,[1.9509769175338416],[nan],[nan],[1.4546319204848421],,
Subject_01_075,,[1.957817854419021],[nan],[nan],[1.4316726007765403],,
Subject_01_076,,[1.944388337179197],[nan],[nan],[1.6758782178150127],,
Subject_01_077,,[1.9087984113713008],[nan],[nan],[1.6443760321736614],,
Subject_01_078,,[1.9721490049063317],[nan],[nan],[1.6468222187881458],,
Subject_01_079,,[1.8844470993184848],[nan],[nan],[1.793440551960007],,
Subject_01_080,,[1.975088630443051],[nan],[nan],[1.7942758971185107],,
Subject_01_081,,[1.8613468950484688],[nan],[nan],[1.9904553120557729],,
Subject_01_082,,[1.9693308375198941],[nan],[nan],[1.7352879144070463],,
Subject_01_083,,[1.9503743006249858],[nan],[nan],[1.831019452867121],,
Subject_01_084,,[1.8387706569483395],[nan],[nan],[1.8447606381174335],,
Subject_01_085,,[1.795643005494227],[nan],[nan],[1.9516269541196254],,
Subject_01_086,,[1.8247481361087234],[nan],[nan],[1.956577989707544],,
Subject_01_087,,[1.996670011110887],[nan],[nan],[1.7524054294567908],,
Subject_01_088,,[2.10231978696264],[nan],[nan],[1.980826331997196],,
Subject_01_089,,[2.0406143668083923],[nan],[nan],[1.8237502736046303],,
Subject_01_090,,[2.166818147537013],[nan],[nan],[1.9126979622254916],,
Subject_01_091,,[2.139262382383093],[nan],[1.5957845458289017],[1.9000347064455034],,
Subject_01_092,,[2.3049871847072065],[nan],[1.9233879057979157],[1.937578230553499],,
Subject_01_093,,[2.278799471015133],[nan],[2.2396456494770294],[2.231046434596944],,
Subject_01_094,,[2.085377290261497],[nan],[2.4420865849131688],[2.3224910053995838],,
Subject_01_095,,[2.229020684723919],[nan],[2.3461554286292015],[2.5358779709126313],,
Subject_01_096,,[2.2082103903041257],[nan],[1.8931953457309072],[2.6215210316247033],,
Subject_01_097,,[2.1197251668473744],[nan],[2.2734048899749726],[2.6109694899141593],,
Subject_01_098,,[2.142116350721161],[nan],[2.1638979327275267],[2.6275025011921027],,
Subject_01_099,,[2.235781912054929],[nan],[1.947295774808593],[1.6549692964280112],,
Subject_01_100,,[2.230392886006928],[nan],[1.993404861793977],[1.6881420479012978],,
Subject_01_101,,[2.1014431654150694],[nan],[1.8618355460907048],[1.347891724802912],,
Subject_01_102,,[2.0987569095084773],[nan],[1.8297109628396298],[nan],,
Subject_01_103,,[1.9942596830659594],[nan],[1.6867355128845098],[nan],,
Subject_01_104,,[1.9529755484205196],[nan],[1.7764531815358546],[nan],,
Subject_01_105,,[1.8486513903460822],[nan],[1.5892865122458926],[nan],,
Subject_01_106,,[1.7743931456809428],[nan],[1.5039969314435229],[nan],,
Subject_01_107,,[1.8043513851637814],[nan],[1.538868165132055],[nan],,
Subject_01_108,,[1.7307318928435476],[nan],[1.4902149382190428],[nan],,
Subject_01_109,,[1.7389540748849368],[nan],[1.4449786516087906],[nan],,
Subject_01_110,,[1.7587318803289873],[nan],[1.5775618456442246],[nan],,
Subject_01_111,,[1.7045183611926857],[nan],[1.6319251300587547],[nan],,
Subject_01_112,,[1.7113403333902588],[nan],[1.6340664801507396],[nan],,
Subject_01_113,,[1.6776934369223704],[nan],[1.5987377392675022],[nan],,
Subject_01_114,,[1.6786910980282086],[nan],[1.5720937759643177],[nan],,
Subject_01_115,,[1.6509440809875386],[nan],[1.5542090806863642],[nan],,
Subject_01_116,,[1.5452267230779697],[nan],[1.6088581896711298],[nan],,
Subject_01_117,,[1.5387065913263116],[nan],[1.6067041590599862],[nan],,
Subject_01_118,,[1.4851735375974495],[nan],[1.5478347243952106],[nan],,
Subject_01_119,,[1.5214039529938332],[nan],[1.5118398923307181],[nan],,
Subject_01_120,,[1.460676489508817],[nan],[1.5105871598088363],[nan],,
Subject_01_121,,[1.421477479236537],[nan],[1.492535427576223],[nan],,
Subject_01_122,,[1.3941538269731386],[nan],[1.5819979838979155],[nan],,
Subject_01_123,,[1.4059680677620827],[nan],[1.5867248347536067],[nan],,
Subject_01_124,,[1.3225125989654476],[nan],[1.4438397760979618],[nan],,
Subject_01_125,,[1.3917214622364582],[nan],[1.3465205700797098],[nan],,
Subject_01_126,,[1.3640208159091893],[nan],[1.3889036378209674],[nan],,
Subject_01_127,,[1.4235333951526647],[nan],[1.4270258442375805],[nan],,
Subject_01_128,,[1.4422189650367694],[nan],[1.4585881782503807],[nan],,
Subject_01_129,,[1.4077446966545466],[nan],[1.4871286079029513],[nan],,
Subject_01_130,,[1.4105878732341823],[nan],[1.4407669025622059],[nan],,
Subject_01_131,,[1.34208161943277],[nan],[1.5891393295071818],[nan],,
Subject_01_132,,[1.4600804768960227],[nan],[1.8507353208036539],[nan],,
Subject_01_133,,[1.4152163085941907],[nan],[nan],[nan],,
Subject_01_134,,[1.648754001367116],[nan],[nan],[nan],,
Subject_01_135,,[1.5368362847957249],[nan],[nan],[nan],,
Subject_01_136,,[1.2947108168555481],[nan],[nan],[nan],,
Subject_01_137,,[1.3479420824011337],[nan],[nan],[nan],,
Subject_02_030,,[1.3019125088300265],[nan],[nan],[nan],,
Subject_02_031,,[1.3385840738569579],[nan],[nan],[nan],,
Subject_02_032,,[1.3915766300774142],[nan],[nan],[nan],,
Subject_02_033,,[1.5654092448630514],[nan],[nan],[nan],,
Subject_02_034,,[1.4809863930786198],[nan],[nan],[nan],,
Subject_02_035,,[1.4932989456311063],[nan],[nan],[nan],,
Subject_02_036,,[1.595826015794481],[nan],[nan],[nan],,
Subject_02_037,,[1.6214452575479492],[nan],[nan],[nan],,
Subject_02_038,,[1.5790647275457637],[nan],[nan],[nan],,
Subject_02_039,,[1.557826474130319],[nan],[nan],[nan],,
Subject_02_040,,[1.480358458250765],[nan],[nan],[nan],,
Subject_02_041,,[1.5556339155154808],[nan],[nan],[nan],,
Subject_02_042,,[1.8050826252512147],[nan],[nan],[nan],,
Subject_02_043,,[1.7873530264177726],[nan],[nan],[nan],,
Subject_02_044,,[1.8854683136252086],[nan],[nan],[nan],,
Subject_02_045,,[1.7947342893255773],[nan],[nan],[nan],,
Subject_02_046,,[1.8412137294853501],[nan],[1.291202247470913],[nan],,
Subject_02_047,,[1.8359570919266655],[nan],[1.3056218147263015],[nan],,
Subject_02_048,,[1.8292549119061055],[nan],[1.3550093653051525],[nan],,
Subject_02_049,,[1.8277128824855615],[nan],[1.362350941569752],[nan],,
Subject_02_050,,[1.7207817748416578],[nan],[1.4453018255454197],[nan],,
Subject_02_051,,[1.7250051964408004],[nan],[1.2979683729973048],[nan],,
Subject_02_052,,[1.7162244365093147],[nan],[1.237742315327084],[nan],,
Subject_02_053,,[1.737010490805122],[nan],[1.2862703120257464],[nan],,
Subject_02_054,,[1.7185743397541435],[nan],[1.2815384432307693],[nan],,
Subject_02_055,,[1.76021043243095],[nan],[1.2796874817187502],[nan],,
Subject_02_056,,[1.6478596831612087],[nan],[1.4595873839146458],[nan],,
Subject_02_057,,[1.711555258059606],[nan],[1.6729894259978277],[nan],,
Subject_02_058,,[1.8080797194363933],[nan],[1.6654221172613388],[nan],,
Subject_02_059,,[1.796109462793834],[nan],[1.8403556589631438],[nan],,
Subject_02_060,,[1.8391575027060931],[nan],[1.632951157831955],[nan],,
Subject_02_061,,[1.914362503541743],[nan],[1.5608614020023157],[nan],,
Subject_02_062,,[1.7852996060023214],[nan],[1.6709910428076664],[nan],,
Subject_02_063,,[1.9339080532406545],[nan],[1.7686564253320791],[nan],,
Subject_02_064,,[2.0407283648048886],[nan],[1.8671998849662212],[nan],,
Subject_02_065,,[2.0700332283731684],[nan],[2.167718691563819],[nan],,
Subject_02_066,,[1.9680028966048868],[nan],[2.13446288936707],[nan],,
Subject_02_067,,[2.0235142335442693],[nan],[2.1356494296118487],[nan],,
Subject_02_068,,[2.054567332477352],[nan],[1.9767367999230463],[nan],,
Subject_02_069,,[1.838841468315524],[nan],[2.3904526117495304],[nan],,
Subject_02_070,,[2.113997203678277],[nan],[2.2396569155528363],[2.3207329032661392],,
Subject_02_071,,[1.8795146487123795],[nan],[2.2169178035537156],[2.016065354973269],,
Subject_02_072,,[1.4941855392237637],[nan],[2.2601022981452896],[1.8577215680925743],,
Subject_02_073,,[1.5854006551898592],[nan],[2.2132660794449137],[1.8849305623021164],,
Subject_02_074,,[1.5350971750416558],[nan],[2.089518983529837],[2.067335893346898],,
Subject_02_075,,[1.6155365685258487],[nan],[2.030191431596684],[2.330667991284089],,
Subject_02_076,,[1.587535455327472],[nan],[2.5931408068787594],[2.283552685309464],,
Subject_02_077,,[1.5609203911147276],[nan],[2.864769630853267],[2.786873468372703],,
Subject_02_078,,[1.6902313623021925],[nan],[2.267244574793263],[2.731381102072719],,
Subject_02_079,,[1.6430192830081511],[nan],[nan],[2.9188361533241984],,
Subject_02_080,,[1.8562981234824179],[nan],[nan],[2.764814020160042],,
Subject_02_081,,[1.9863365686498846],[nan],[nan],[2.592696156836291],,
Subject_02_082,,[1.9202991269887124],[nan],[nan],[2.5177115926107945],,
Subject_02_083,,[1.9516698298365096],[nan],[nan],[2.375552338401994],,
Subject_02_084,,[2.1196650309636427],[nan],[nan],[2.090390512784458],,
Subject_02_085,,[2.123339500912126],[nan],[nan],[2.2760493429438697],,
Subject_02_086,,[2.0427882105063335],[nan],[nan],[2.13102315559857],,
Subject_02_087,,[2.1373465342136213],[nan],[nan],[2.130932122055412],,
Subject_02_088,,[2.066424375543655],[nan],[nan],[2.1569507494791087],,
Subject_02_089,,[1.9864727393313633],[nan],[nan],[2.22264078074054],,
Subject_02_090,,[1.98653968330169],[nan],[nan],[2.1327997232242546],,
Subject_02_091,,[2.0679591479029638],[nan],[nan],[2.138035063580974],,
Subject_02_092,,[1.923697054370096],[nan],[nan],[2.3211145396434136],,
Subject_02_093,,[1.9643347351955305],[nan],[nan],[2.414551463780124],,
Subject_02_094,,[1.9807692270120314],[nan],[nan],[2.4251679768162644],,
Subject_02_095,,[2.021545211756994],[nan],[nan],[2.5955683621362904],,
Subject_02_096,,[1.943721585357767],[nan],[nan],[2.531652946796838],,
Subject_02_097,,[2.0346517927496994],[nan],[nan],[2.2260516037000353],,
Subject_02_098,,[2.0574475411205304],[nan],[nan],[2.3405365036565775],,
Subject_02_099,,[1.9241049531358907],[nan],[nan],[2.4566208275354957],,
Subject_02_100,,[1.9833485128775559],[1.4988635547656122],[nan],[2.4489900412492673],,
Subject_02_101,,[1.985896877795891],[1.5475281813238344],[nan],[2.5652146233837114],,
Subject_02_102,,[2.045259150986789],[1.6043913312660136],[nan],[2.47665652460496],,
Subject_02_103,,[2.22503050705653],[1.6821494868400446],[nan],[2.4302876845290595],,
Subject_02_104,,[2.2395132122003725],[1.7849333880344156],[nan],[2.6552256281582447],,
Subject_02_105,,[2.2472754358676954],[2.0408560466399663],[nan],[2.352041440722161],,
Subject_02_106,,[2.1280203031740257],[2.1440427413384167],[nan],[2.310475242412452],,
Subject_02_107,,[2.176281814276417],[2.2859775897271355],[nan],[2.4308738598406414],,
Subject_02_108,,[2.178615511147864],[2.3345850597099003],[nan],[2.2843468604923896],,
Subject_02_109,,[2.269837372565269],[2.449152843488348],[nan],[2.268956238275089],,
Subject_02_110,,[2.2114650827435303],[2.3727039474993235],[nan],[2.3453591890314494],,
Subject_02_111,,[2.1875021384581617],[2.424875432620805],[nan],[2.100352982942919],,
Subject_02_112,,[2.193716662174742],[2.412346144538369],[nan],[2.1698402541144275],,
Subject_02_113,,[2.1402045520607484],[2.374996986667663],[nan],[2.1618195406795566],,
Subject_02_114,,[2.0598187496859666],[2.341345413435348],[nan],[2.2271418984848137],,
Subject_02_115,,[2.0445197007518816],[2.4056785767403714],[nan],[2.35482076993161],,
Subject_02_116,,[2.0433844191077792],[2.462688188185011],[nan],[2.3316325631195736],,
Subject_02_117,,[2.0112315670378673],[2.4717742385351107],[nan],[2.367312358571287],,
Subject_02_118,,[2.023209969898903],[2.3258784913352915],[nan],[2.4020277861118555],,
Subject_02_119,,[1.9757094430062843],[2.3552076951586423],[nan],[2.2370601938401746],,
Subject_02_120,,[2.022415561814555],[2.382064483023033],[nan],[2.28558455722435],,
Subject_02_121,,[2.008089612571836],[2.2980881725567195],[nan],[2.0125918553519817],,
Subject_02_122,,[1.8719919355075576],[2.270055299010972],[nan],[1.7602387590716886],,
Subject_02_123,,[1.8543466744854489],[2.305283510071688],[nan],[1.8455566910905283],,
Subject_02_124,,[1.7537929710844513],[2.323673360976931],[nan],[1.701931839711429],,
Subject_02_125,,[1.7374972285278834],[2.3062118138231806],[nan],[1.7191429001530365],,
Subject_02_126,,[1.7878495097507234],[2.0991171433049494],[nan],[1.8554155070985447],,
Subject_02_127,,[1.6631124106878794],[2.1866178083416097],[nan],[1.3088940554741715],,
Subject_02_128,,[1.6866902215600177],[2.0707528770579344],[nan],[nan],,
Subject_02_129,,[1.5976005853699082],[1.9988252638684658],[nan],[nan],,
Subject_02_130,,[1.5697712353632027],[1.8939959893330651],[nan],[nan],,
Subject_02_131,,[1.6098728956519313],[1.8426567995375434],[nan],[nan],,
Subject_02_132,,[1.6175145828256778],[1.7293860410210125],[nan],[nan],,
Subject_02_133,,[1.4902617650010488],[1.6519044340511073],[nan],[nan],,
Subject_02_134,,[1.4428974353269526],[1.5673541138313423],[nan],[nan],,
Subject_02_135,,[1.4308769696184849],[1.4921454198691784],[nan],[nan],,
Subject_02_136,,[1.4111788310608535],[1.4639928111416882],[nan],[nan],,
Subject_02_137,,[1.404990004237736],[1.390112062906681],[nan],[nan],,
Subject_02_138,,[1.4618185919702658],[1.3260808600427736],[nan],[nan],,
Subject_02_139,,[1.6212748886092276],[1.383671990228245],[nan],[nan],,
Subject_02_140,,[1.9079290738956995],[1.2709586282037257],[nan],[nan],,
Subject_02_141,,[nan],[1.3196364356753782],[nan],[nan],,
Subject_02_142,,[nan],[1.3360537030217952],[nan],[nan],,
Subject_02_143,,[nan],[1.1951150874306753],[nan],[nan],,
Subject_03_022,,[nan],[1.5770520943603288],[nan],[nan],,
Subject_03_023,,[1.690845773803989],[1.642598933006212],[nan],[nan],,
Subject_03_024,,[1.6146270741915025],[1.6526350223795385],[nan],[nan],,
Subject_03_025,,[1.6023832531140725],[1.6101533742164544],[nan],[nan],,
Subject_03_026,,[1.623959501400781],[1.5767119801708411],[nan],[nan],,
Subject_03_027,,[1.5811272710730384],[1.7059036329839359],[nan],[nan],,
Subject_03_028,,[1.6757989265170898],[1.8024579571418229],[nan],[nan],,
Subject_03_029,,[1.6798008981025037],[1.7939088812495136],[nan],[nan],,
Subject_03_030,,[1.7614985911249752],[1.804085237360444],[nan],[nan],,
Subject_03_031,,[1.7825061459602363],[1.8534358614825985],[nan],[nan],,
Subject_03_032,,[1.79669215341185],[1.7872396736419778],[nan],[nan],,
Subject_03_033,,[1.8630019478966586],[1.9236964416989375],[nan],[nan],,
Subject_03_034,,[1.9396480887782344],[1.9425264772152522],[nan],[nan],,
Subject_03_035,,[1.8970202766297048],[2.1354279418397324],[nan],[1.5227188473723585],,
Subject_03_036,,[1.9465696096191403],[2.1322229027363018],[nan],[1.7481058003166037],,
Subject_03_037,,[1.9336237421934508],[2.115493558872449],[nan],[1.7578689074709126],,
Subject_03_038,,[2.1199752177228337],[2.0655927847960633],[nan],[1.8797306338575381],,
Subject_03_039,,[2.1470575985031672],[2.132613972692986],[nan],[2.1285189990444833],,
Subject_03_040,,[2.119897932689872],[2.353120325717456],[nan],[2.2402203868438444],,
Subject_03_041,,[2.1834890836379426],[2.3197025330702177],[nan],[2.2094710547447014],,
Subject_03_042,,[2.2171594091160083],[2.506579786987625],[nan],[2.1691719098531888],,
Subject_03_043,,[2.188851689206108],[2.561618329259241],[nan],[2.1812970702393684],,
Subject_03_044,,[2.2318172781202628],[2.665445004797777],[nan],[2.2583770302394996],,
Subject_03_045,,[2.22653120460771],[2.6646911720860427],[nan],[2.222970397598694],,
Subject_03_046,,[2.321794152276091],[2.554861385049122],[nan],[2.189928731848935],,
Subject_03_047,,[2.3933907450951106],[2.4878163548901817],[nan],[2.292277892736143],,
Subject_03_048,,[2.391983342268863],[2.575082804950897],[nan],[2.1222551351931624],,
Subject_03_049,,[2.1745377912754966],[2.5816351899620353],[nan],[2.059394220160714],,
Subject_03_050,,[2.289414622959755],[2.552658702101629],[nan],[2.0869063658822635],,
Subject_03_051,,[2.3173225377934656],[2.4337648286905678],[nan],[2.0461615388148853],,
Subject_03_052,,[2.2296216924205905],[2.385108635861137],[nan],[1.8710355855152456],,
Subject_03_053,,[2.460498212342312],[2.338405811226232],[nan],[2.1752665534670026],,
Subject_03_054,,[2.340239711288596],[2.3034351439381466],[nan],[1.9072294368555414],,
Subject_03_055,,[2.326534222667721],[2.1493814136765876],[nan],[1.7865137869219283],,
Subject_03_056,,[2.53719382195902],[2.1374307562301995],[nan],[2.196329379600143],,
Subject_03_057,,[2.514120052249159],[1.98958698841738],[nan],[2.154185635660993],,
Subject_03_058,,[2.4744119098079977],[1.9076662707776582],[nan],[2.3672887001450356],,
Subject_03_059,,[2.606638547231366],[1.7235944934313032],[nan],[2.3845776578675095],,
Subject_03_060,,[2.824946962226352],[1.6179405110047806],[nan],[2.5254835642459468],,
Subject_03_061,,[2.714412336006932],[1.5169512763919415],[nan],[2.323103355917159],,
Subject_03_062,,[2.7763292480849993],[1.3362615222486067],[nan],[2.1274150325205556],,
Subject_03_063,,[2.673759085537959],[nan],[nan],[2.1799896590539776],,
Subject_03_064,,[2.4820678914682213],[nan],[nan],[2.086468423623958],,
Subject_03_065,,[2.4581981482047164],[nan],[nan],[2.2737276686233314],,
Subject_03_066,,[2.3199226506543034],[nan],[nan],[2.255381354725928],,
Subject_03_067,,[2.2758534531683106],[nan],[nan],[2.2197720272688564],,
Subject_03_068,,[2.223317400449051],[nan],[nan],[2.2858305591244634],,
Subject_03_069,,[2.1715675469817177],[nan],[nan],[2.0607791926304646],,
Subject_03_070,,[2.035556003356035],[nan],[nan],[2.310678824309394],,
Subject_03_071,,[2.258077203648106],[nan],[nan],[2.2858189785428222],,
Subject_03_072,,[2.0332222053676627],[nan],[nan],[2.2409119288399264],,
Subject_03_073,,[2.013320159984158],[nan],[nan],[2.1989269263964295],,
Subject_03_074,,[2.0451774039489483],[nan],[nan],[2.12789085538191],,
Subject_03_075,,[2.1868304164783807],[nan],[nan],[2.209470814789431],,
Subject_03_076,,[2.1651303226748078],[nan],[nan],[2.1616727232873623],,
Subject_03_077,,[2.1036327106876156],[nan],[nan],[2.1994563415068864],,
Subject_03_078,,[1.9587521226898408],[nan],[nan],[2.0924486646404605],,
Subject_03_079,,[2.196202980340889],[nan],[nan],[2.183255386877994],,
Subject_03_080,,[1.9286975128612105],[nan],[1.5179909003040843],[2.2128007147188367],,
Subject_03_081,,[2.110962281629392],[nan],[1.5099962634393025],[2.2990743858718026],,
Subject_03_082,,[2.0025352097258735],[nan],[1.6634421440392873],[2.225203502121931],,
Subject_03_083,,[1.870097461578905],[nan],[1.9791369676501962],[2.1796909043143304],,
Subject_03_084,,[1.8298285830021659],[nan],[1.9153285197749976],[2.0911319215052373],,
Subject_03_085,,[1.8572890486607039],[nan],[2.19822829347906],[2.1308774217862596],,
Subject_03_086,,[1.9900065842009595],[nan],[2.2957359932190706],[2.3725558836872986],,
Subject_03_087,,[2.0182392246154897],[nan],[2.381719917227436],[2.381276806857424],,
Subject_03_088,,[2.04826362673407],[nan],[2.5143554387823173],[2.0903100365864993],,
Subject_03_089,,[1.8647678013637152],[nan],[2.473459868136773],[1.8649274389672454],,
Subject_03_090,,[1.9998077788470472],[nan],[2.46707522573046],[1.7593391873534951],,
Subject_03_091,,[1.9827586138293096],[nan],[2.157931388942954],[1.496846547675373],,
Subject_03_092,,[1.9138527079730832],[nan],[1.9667950638327771],[nan],,
Subject_03_093,,[2.004860358349545],[nan],[2.004530135462569],[nan],,
Subject_03_094,,[1.945134994063884],[nan],[1.9744284613854237],[nan],,
Subject_03_095,,[1.9166618835219822],[nan],[1.9057715479466388],[nan],,
Subject_03_096,,[1.8183503587434804],[nan],[1.8983239850180569],[nan],,
Subject_03_097,,[1.92951760335503],[nan],[1.8065490021117456],[nan],,
Subject_03_098,,[1.9177036627736148],[nan],[1.9222862069012776],[nan],,
Subject_03_099,,[1.7929656484164411],[nan],[1.8655839326173405],[nan],,
Subject_03_100,,[1.8787485092145142],[nan],[1.8939672749389111],[nan],,
Subject_03_101,,[1.8223847936824187],[nan],[1.896908020434695],[nan],,
Subject_03_102,,[1.7911037233193006],[nan],[1.8956287906114728],[nan],,
Subject_03_103,,[1.8241021650246636],[nan],[1.9287329577527144],[nan],,
Subject_03_104,,[1.750590045622509],[nan],[1.8771028393377462],[nan],,
Subject_03_105,,[1.8478485270000358],[nan],[1.8713379588067443],[nan],,
Subject_03_106,,[1.844793872004302],[nan],[1.7437059825391283],[nan],,
Subject_03_107,,[1.7727185281411537],[nan],[1.7670248619263813],[nan],,
Subject_03_108,,[1.6746150904222383],[nan],[1.7419500041937501],[nan],,
Subject_03_109,,[1.6783506087305045],[nan],[1.685409915400439],[nan],,
Subject_03_110,,[1.6996021273686168],[nan],[1.555629311378942],[nan],,
Subject_03_111,,[1.652636655984562],[nan],[1.5859780482956174],[nan],,
Subject_03_112,,[1.76743041676461],[nan],[1.6277526433443177],[nan],,
Subject_03_113,,[1.6277821880062568],[nan],[1.559164096880766],[nan],,
Subject_03_114,,[1.7358113718308803],[nan],[1.6545177833601445],[nan],,
Subject_03_115,,[1.7451223642610523],[nan],[1.5515116494924976],[nan],,
Subject_03_116,,[1.7379038086881522],[nan],[1.530730868167474],[nan],,
Subject_03_117,,[1.7414449338646163],[nan],[1.4564210391509158],[nan],,
Subject_03_118,,[1.6575829115215042],[nan],[1.6227408481686332],[nan],,
Subject_03_119,,[1.7224750576159609],[nan],[1.6021498138536778],[nan],,
Subject_03_120,,[1.7304488628708838],[nan],[1.615704724810795],[nan],,
Subject_03_121,,[1.6928552968446053],[nan],[nan],[nan],,
Subject_03_122,,[1.5207568980439572],[nan],[nan],[nan],,
Subject_03_123,,[1.4014992924693286],[nan],[nan],[nan],,
Subject_03_124,,[nan],[nan],[nan],[nan],,
Subject_04_023,,[nan],[1.2894736657894736],[nan],[nan],,
Subject_04_024,,[nan],[1.658609879675567],[nan],[nan],,
Subject_04_025,,[1.2861910159934808],[1.345924036093298],[nan],[nan],,
Subject_04_026,,[1.255009366733724],[1.5752521889935673],[nan],[nan],,
Subject_04_027,,[1.2710526134210525],[1.318370709792743],[nan],[nan],,
Subject_04_028,,[1.4446312492921527],[1.4229896937843658],[nan],[nan],,
Subject_04_029,,[1.5717877452577267],[1.5809016768531845],[nan],[nan],,
Subject_04_030,,[1.6120935556440736],[1.5553624038080496],[nan],[nan],,
Subject_04_031,,[1.4738165859505539],[1.543191749566071],[nan],[1.7180272102480139],,
Subject_04_032,,[1.5412633036455323],[1.6035677260093837],[nan],[2.3681959137554065],,
Subject_04_033,,[1.4314103781220966],[1.6597899688636786],[nan],[2.2687788700303075],,
Subject_04_034,,[1.4235545760364556],[1.6883083640611374],[nan],[2.5529380186681077],,
Subject_04_035,,[1.482394034473039],[1.751967906150461],[nan],[2.3849658142335026],,
Subject_04_036,,[1.52433496551734],[1.815463463395161],[nan],[2.231970553298146],,
Subject_04_037,,[1.4977550838330607],[1.881991036663491],[nan],[2.3639576136596863],,
Subject_04_038,,[1.5814266077480195],[1.9925523246408703],[nan],[2.300604047762319],,
Subject_04_039,,[1.6675062959458633],[2.006218653384917],[nan],[2.0235791987137373],,
Subject_04_040,,[1.6770523153412538],[1.9748715340041456],[nan],[2.003324736462116],,
Subject_04_041,,[1.7305865229984656],[2.0060590664058804],[nan],[1.8890710670863409],,
Subject_04_042,,[1.669051256169215],[1.969993188618421],[nan],[1.9955546594936715],,
Subject_04_043,,[1.7939762530968024],[1.9943269907737715],[nan],[1.8092578612952588],,
Subject_04_044,,[1.8120323558350342],[2.026607240579085],[nan],[1.7079536568052607],,
Subject_04_045,,[1.8735349776279553],[2.2218766507386776],[nan],[1.7089791767612301],,
Subject_04_046,,[1.9575333599133786],[2.451002583725634],[nan],[1.655693000169968],,
Subject_04_047,,[1.9071067664370835],[2.4563747945868877],[nan],[1.5332640193364937],,
Subject_04_048,,[1.956575715196832],[2.5114436507536055],[nan],[1.6501451560110763],,
Subject_04_049,,[1.9613215743213228],[2.6811298961355483],[nan],[1.615807328175511],,
Subject_04_050,,[1.9749139891905285],[2.5541001847157387],[nan],[1.8305823839228006],,
Subject_04_051,,[2.009348850812367],[2.641375655721437],[nan],[1.870557920643328],,
Subject_04_052,,[2.025864892550918],[2.759969444504618],[nan],[1.8120077499108036],,
Subject_04_053,,[2.084096565549834],[2.666931489843732],[nan],[1.711085481120994],,
Subject_04_054,,[1.988450118715648],[2.5963179664986797],[nan],[1.7650092310550498],,
Subject_04_055,,[2.174330826100665],[2.568385800112863],[nan],[1.533754081861281],,
Subject_04_056,,[2.1254822700852407],[2.6096927783809005],[nan],[1.5349700177656114],,
Subject_04_057,,[1.9937257302375122],[2.7003591950955226],[nan],[1.548075652000055],,
Subject_04_058,,[2.1679433772446135],[2.644094234225109],[nan],[1.5304007246368037],,
Subject_04_059,,[2.2706291494491375],[2.5478625160809605],[nan],[1.6341289492582045],,
Subject_04_060,,[2.2444557366871805],[2.416848857596162],[nan],[1.4743428319869614],,
Subject_04_061,,[2.1519582944459517],[2.3771279917600623],[nan],[1.4268652926800063],,
Subject_04_062,,[2.213282781639232],[2.2672050819638807],[nan],[1.5220880913352817],,
Subject_04_063,,[2.196929211383072],[2.439241002058682],[nan],[1.4921454198691784],,
Subject_04_064,,[2.19260161934904],[1.9080280103212761],[nan],[1.587103681200294],,
Subject_04_065,,[2.2799166852130917],[2.1268507442849836],[nan],[1.6045787875968334],,
Subject_04_066,,[2.1289472644067837],[2.123957155959251],[nan],[1.608624301873533],,
Subject_04_067,,[2.1085319279381873],[2.0684396324934187],[nan],[1.8134338287294463],,
Subject_04_068,,[1.9771629988419563],[2.0029992183691663],[nan],[1.7633294532839991],,
Subject_04_069,,[1.9259531527455094],[1.998372422773144],[nan],[1.8211318277717996],,
Subject_04_070,,[1.9178123787945451],[1.842513287880869],[nan],[1.7806950482212718],,
Subject_04_071,,[1.7165079482313221],[1.8191609812449818],[nan],[1.5566069541026677],,
Subject_04_072,,[1.663401757078346],[1.644885439400407],[nan],[1.3910682138876274],,
Subject_04_073,,[1.6125859176546873],[1.7941650506766638],[nan],[1.4226549041167382],,
Subject_04_074,,[1.7056788307597017],[1.6257961432871457],[nan],[1.3761403523166358],,
Subject_04_075,,[1.6360983914710443],[1.6268373825550908],[nan],[1.542067110911289],,
Subject_04_076,,[1.6846984059117887],[nan],[nan],[1.6215685428143622],,
Subject_04_077,,[1.7931504898655681],[nan],[nan],[1.7121938304007815],,
Subject_04_078,,[2.0104775384132276],[nan],[nan],[1.671975714686063],,
Subject_04_079,,[2.08651237366682],[nan],[nan],[1.8237865347140403],,
Subject_04_080,,[2.1254584562201693],[nan],[nan],[2.204396697472825],,
Subject_04_081,,[2.2720906015164704],[nan],[nan],[2.1641748727253654],,
Subject_04_082,,[2.3002151757069695],[nan],[nan],[2.5536338621214236],,
Subject_04_083,,[2.4224365520402293],[nan],[nan],[2.1353443240682326],,
Subject_04_084,,[2.380981974878995],[nan],[nan],[2.282061821759758],,
Subject_04_085,,[2.2969635144585516],[nan],[nan],[2.5506027168790397],,
Subject_04_086,,[2.2334007659589],[nan],[nan],[2.6992293280078266],,
Subject_04_087,,[2.360556729293472],[nan],[nan],[2.5391843775266363],,
Subject_04_088,,[2.1413757250189094],[nan],[nan],[2.4602939885237456],,
Subject_04_089,,[2.255007641756662],[nan],[nan],[2.4855789605813654],,
Subject_04_090,,[2.2739194154200493],[nan],[2.0079578959236586],[2.285884762547741],,
Subject_04_091,,[2.2076191224020127],[nan],[1.987731655548163],[2.3193718115615245],,
Subject_04_092,,[2.370942050934947],[nan],[2.2711415779128505],[1.908684636240313],,
Subject_04_093,,[2.3095220078413234],[nan],[2.3073618068127555],[nan],,
Subject_04_094,,[2.114914669095571],[nan],[2.794506106002796],[nan],,
Subject_04_095,,[2.32823686014977],[nan],[2.754832219946829],[nan],,
Subject_04_096,,[2.075334518901777],[nan],[2.985067214378761],[nan],,
Subject_04_097,,[2.0012924996834913],[nan],[2.8097049842820736],[nan],,
Subject_04_098,,[2.1083662392999822],[nan],[2.6532792087926795],[nan],,
Subject_04_099,,[2.1212978582355206],[nan],[2.7198727562747025],[nan],,
Subject_04_100,,[2.092224820962168],[nan],[2.5291127898920167],[nan],,
Subject_04_101,,[2.1805881731553964],[nan],[2.619600253720849],[nan],,
Subject_04_102,,[2.3321036336603247],[nan],[2.530216587544459],[nan],,
Subject_04_103,,[2.2536058934883534],[nan],[2.7152919948469605],[nan],,
Subject_04_104,,[2.250870343926886],[nan],[2.7499541661817473],[nan],,
Subject_04_105,,[2.2002044639872813],[nan],[2.669530846189752],[nan],,
Subject_04_106,,[2.2247452895471493],[nan],[2.7726846836826606],[nan],,
Subject_04_107,,[2.272723522965392],[nan],[2.5739893028265812],[nan],,
Subject_04_108,,[2.206550924826986],[nan],[2.3790473290417284],[nan],,
Subject_04_109,,[2.093537471632143],[nan],[2.2068471971034582],[nan],,
Subject_04_110,,[2.131663408255736],[nan],[2.2691152554368186],[nan],,
Subject_04_111,,[2.150633024622226],[nan],[2.2321922495497644],[nan],,
Subject_04_112,,[2.0977613287676147],[nan],[2.339915473105128],[nan],,
Subject_04_113,,[2.1212033203964022],[nan],[2.259081416283028],[nan],,
Subject_04_114,,[2.0416998865117213],[nan],[2.224664975157828],[nan],,
Subject_04_115,,[2.008424135831105],[nan],[2.21583460638011],[nan],,
Subject_04_116,,[1.9386434198542435],[nan],[2.1651624737432247],[nan],,
Subject_04_117,,[2.0243523752429042],[nan],[2.1440856336148237],[nan],,
Subject_04_118,,[1.9955974809942658],[nan],[2.297378206664102],[nan],,
Subject_04_119,,[1.9771501709026407],[nan],[2.1167701466270867],[nan],,
Subject_04_120,,[1.954001403873221],[nan],[2.0564622334711227],[nan],,
Subject_04_121,,[1.9587438106648039],[nan],[2.371448444571663],[nan],,
Subject_04_122,,[1.9877615775164865],[nan],[1.9982965833292459],[nan],,
Subject_04_123,,[2.002445213457044],[nan],[2.2647824680869495],[nan],,
Subject_04_124,,[1.973104439511507],[nan],[2.1475655351369847],[nan],,
Subject_04_125,,[1.9057199029560459],[nan],[1.937686357966166],[nan],,
Subject_04_126,,[2.040033866683528],[nan],[1.6931343106267662],[nan],,
Subject_04_127,,[2.140388410829794],[nan],[1.6639636658949033],[nan],,
Subject_04_128,,[2.131159918881207],[nan],[1.6441667852923498],[nan],,
Subject_04_129,,[2.0012663537158244],[nan],[1.6435090541830493],[nan],,
Subject_04_130,,[2.1582279984338513],[nan],[1.5098640657694506],[nan],,
Subject_04_131,,[1.9315687760354736],[nan],[1.5779044423012802],[nan],,
Subject_04_132,,[1.8040728495200733],[nan],[1.6105778553292065],[nan],,
Subject_04_133,,[1.6796865448434362],[nan],[1.6920981695732253],[nan],,
Subject_04_134,,[1.5678338449210372],[nan],[1.608863472189963],[nan],,
Subject_04_135,,[1.6207460284308228],[nan],[1.5179207164146458],[nan],,
Subject_04_136,,[1.5161323994801794],[nan],[1.3192078693697427],[nan],,
Subject_04_137,,[1.4987048118466628],[nan],[1.2485084712561292],[nan],,
Subject_04_138,,[1.2822538870670803],[nan],[1.2517887636395189],[nan],,
Subject_04_139,,[1.3222737386305643],[nan],[1.3097483099187703],[nan],,
Subject_04_140,,[1.3357108002586886],[nan],[nan],[nan],,
Subject_04_141,,[1.3199825995721295],[nan],[nan],[nan],,
Subject_04_142,,[1.3409899931432505],[nan],[nan],[nan],,
Subject_05_018,,[1.4893014597650087],[nan],[nan],[nan],,
Subject_05_019,,[1.4870722264290575],[nan],[1.2124664346123712],[nan],,
Subject_05_020,,[1.4393700627475436],[nan],[1.387079915040032],[nan],,
Subject_05_021,,[1.4785816417424578],[nan],[1.5072237190703184],[nan],,
Subject_05_022,,[1.537370352364616],[nan],[1.510863432198618],[nan],,
Subject_05_023,,[1.4944935012592122],[nan],[1.3722043326803393],[nan],,
Subject_05_024,,[1.5904524991136741],[nan],[1.376813897068398],[nan],,
Subject_05_025,,[1.608412621180395],[nan],[1.379137952463279],[nan],,
Subject_05_026,,[1.6880526472226407],[nan],[1.2576347535707042],[nan],,
Subject_05_027,,[1.8986192346449813],[nan],[1.3533241667070006],[nan],,
Subject_05_028,,[1.9482433092155655],[nan],[1.3405525766968889],[nan],,
Subject_05_029,,[2.0017328277073414],[nan],[1.4590807917125133],[nan],,
Subject_05_030,,[2.0003150573450874],[nan],[1.4857138237037313],[nan],,
Subject_05_031,,[2.0007835705115795],[nan],[1.5235874546286587],[nan],,
Subject_05_032,,[2.1051122400691153],[nan],[1.4875091998350531],[nan],,
Subject_05_033,,[2.0669525707199927],[nan],[1.5777728887082436],[nan],,
Subject_05_034,,[2.021537654639329],[nan],[1.490915005881572],[nan],,
Subject_05_035,,[1.9725851469069757],[nan],[1.4840070004159707],[nan],,
Subject_05_036,,[2.023244703380384],[nan],[1.525418061514043],[nan],,
Subject_05_037,,[1.9639442069234545],[nan],[1.507581820671451],[nan],,
Subject_05_038,,[1.934983578424396],[nan],[1.617819099667183],[nan],,
Subject_05_039,,[2.0187331545160845],[nan],[1.6567681619239443],[nan],,
Subject_05_040,,[1.9934914333213354],[nan],[1.875686359221031],[nan],,
Subject_05_041,,[1.917849336390978],[nan],[1.890832329792432],[nan],,
Subject_05_042,,[1.8665187616635974],[nan],[1.9499087990136064],[nan],,
Subject_05_043,,[1.9681870105741661],[nan],[1.9148919674908618],[nan],,
Subject_05_044,,[1.9346275812034834],[nan],[1.912436547759633],[nan],,
Subject_05_045,,[2.0125590174708696],[nan],[2.024112080863091],[nan],,
Subject_05_046,,[1.9095879579163786],[nan],[1.9862941766373141],[nan],,
Subject_05_047,,[1.9297273505052075],[nan],[1.9722486208036012],[nan],,
Subject_05_048,,[2.0371351899372785],[nan],[2.1632696517519125],[nan],,
Subject_05_049,,[1.9826573337230982],[nan],[2.0730222747439826],[nan],,
Subject_05_050,,[1.8662775175833615],[nan],[2.13057653937652],[nan],,
Subject_05_051,,[1.888766511548095],[nan],[2.2440346547578196],[nan],,
Subject_05_052,,[1.8819068805380903],[nan],[2.3948175817024846],[1.8013350052722927],,
Subject_05_053,,[2.035943761433325],[nan],[2.422503295441616],[1.5603760843258032],,
Subject_05_054,,[1.9237061430611266],[nan],[2.425654465121367],[1.9298883854152487],,
Subject_05_055,,[1.961027402635004],[nan],[2.4700576933658898],[2.2877748825933444],,
Subject_05_056,,[1.9420927659930665],[nan],[2.5858434854162957],[2.3124080860694027],,
Subject_05_057,,[1.8457620612803625],[nan],[2.5039375616370405],[2.4220064367905487],,
Subject_05_058,,[1.844543430085962],[nan],[2.6716666409979215],[2.671701001812856],,
Subject_05_059,,[2.0703789531291696],[nan],[2.6351155991874373],[2.6136414359695133],,
Subject_05_060,,[2.2128773190771995],[nan],[2.50284389572513],[2.926126160645447],,
Subject_05_061,,[2.219334676065014],[nan],[2.4740110583071715],[2.4863091054366464],,
Subject_05_062,,[2.07332737869069],[nan],[2.3195573938059226],[2.621669357586799],,
Subject_05_063,,[2.000094485964755],[nan],[2.34939522028179],[2.5564915588337005],,
Subject_05_064,,[2.1170635569580467],[nan],[2.083205783405223],[2.5273179221635393],,
Subject_05_065,,[2.2636463566895615],[nan],[1.8271929476168531],[2.486017650835234],,
Subject_05_066,,[2.1837959997806196],[nan],[1.9994486865409824],[2.7067320449348853],,
Subject_05_067,,[2.2979863977658774],[nan],[1.681035621861243],[2.697978230218475],,
Subject_05_068,,[2.360847171256871],[nan],[1.6007314588726025],[2.9215935430582993],,
Subject_05_069,,[2.351554691192768],[nan],[1.6340114489102904],[2.7540130760103314],,
Subject_05_070,,[2.3772001423983453],[nan],[nan],[2.764749045434331],,
Subject_05_071,,[2.4009463388638568],[nan],[nan],[2.785558078617574],,
Subject_05_072,,[2.473623076794507],[nan],[nan],[2.9264037307554873],,
Subject_05_073,,[2.521021776156296],[nan],[nan],[2.780222363014656],,
Subject_05_074,,[2.444523067422844],[nan],[nan],[3.0621686304822995],,
Subject_05_075,,[2.449851185409423],[nan],[nan],[2.8301078246620177],,
Subject_05_076,,[2.4225791859521904],[nan],[nan],[2.8203706551179186],,
Subject_05_077,,[2.4360777615420046],[nan],[nan],[2.870018561196664],,
Subject_05_078,,[2.483007896653577],[nan],[nan],[2.9028805241086006],,
Subject_05_079,,[2.31723416556166],[nan],[nan],[2.892911751556793],,
Subject_05_080,,[2.2938988646523812],[nan],[nan],[2.9362242221975725],,
Subject_05_081,,[2.1935623771867157],[nan],[nan],[2.91779644871468],,
Subject_05_082,,[2.1539237086311913],[nan],[nan],[2.8586317017466625],,
Subject_05_083,,[2.201458599432849],[nan],[nan],[3.014492162763353],,
Subject_05_084,,[2.2213016673921966],[nan],[nan],[2.7081412111084333],,
Subject_05_085,,[2.234985450845069],[nan],[nan],[2.494890681884003],,
Subject_05_086,,[2.251895577077067],[nan],[nan],[2.6855702753232507],,
Subject_05_087,,[2.4206420810996567],[nan],[nan],[2.72921664378608],,
Subject_05_088,,[2.4402528205329626],[nan],[nan],[2.94693173491053],,
Subject_05_089,,[2.428196986005278],[1.6653692488963538],[nan],[2.665592844614564],,
Subject_05_090,,[2.0015981038706734],[1.5532030443648739],[nan],[2.7181103731509157],,
Subject_05_091,,[2.2439179458157783],[1.6149773977977302],[nan],[2.8470491239805855],,
Subject_05_092,,[2.1981994219665104],[1.7376795334562032],[nan],[2.625986730628053],,
Subject_05_093,,[2.2463398051779526],[1.7199858608176652],[nan],[2.7421381384091763],,
Subject_05_094,,[2.1933999034244422],[1.8274442226744896],[nan],[2.6937498798795168],,
Subject_05_095,,[2.352521329953272],[1.9074726223475935],[nan],[2.869953159253331],,
Subject_05_096,,[2.5193643299982686],[2.062836661310789],[nan],[2.872881953972077],,
Subject_05_097,,[2.4933424853779496],[2.0496687367143425],[nan],[2.62005052136336],,
Subject_05_098,,[2.5350566304250504],[2.1429934753164623],[nan],[2.5811648532714626],,
Subject_05_099,,[2.6790182078862372],[2.3389833629970553],[nan],[2.4998886632954047],,
Subject_05_100,,[2.638907618748223],[2.5502729364225907],[nan],[2.491717820052556],,
Subject_05_101,,[2.683351951124439],[2.779510120934671],[nan],[2.7141938144566864],,
Subject_05_102,,[2.6944165221618137],[2.926494916915842],[nan],[2.794660926824334],,
Subject_05_103,,[2.6847546010595895],[3.065477984917809],[nan],[2.8420412549448932],,
Subject_05_104,,[2.688020517863186],[3.3489010551429215],[nan],[2.9355045762306995],,
Subject_05_105,,[2.7377565596760176],[3.373295085934114],[nan],[2.762675976425495],,
Subject_05_106,,[2.6059354395859144],[3.473823166479228],[nan],[2.8488704722404465],,
Subject_05_107,,[2.6936949610502943],[3.7483277320806168],[nan],[2.8235311921801833],,
Subject_05_108,,[2.6586161662831462],[3.489813913633423],[nan],[2.826595395937705],,
Subject_05_109,,[2.8076472679685343],[3.3651539386330955],[nan],[2.8349990625325074],,
Subject_05_110,,[2.6952361982700053],[3.357944577076714],[nan],[2.954092145308445],,
Subject_05_111,,[2.7764553089152595],[3.3325918321659485],[nan],[2.9545479160121793],,
Subject_05_112,,[2.749108267936474],[3.3144458601754603],[nan],[2.8370581732768527],,
Subject_05_113,,[2.589062385934499],[3.083052836870403],[nan],[2.627286725034994],,
Subject_05_114,,[2.602082852202596],[2.9296043788379373],[nan],[2.6943378944308667],,
Subject_05_115,,[2.738112814703691],[2.8617480930817836],[nan],[2.538614204056904],,
Subject_05_116,,[2.593421800481161],[2.8940307428022423],[nan],[2.6689938177316326],,
Subject_05_117,,[2.6008217313529194],[2.814611078715103],[nan],[2.724170523242705],,
Subject_05_118,,[2.567730424605296],[2.5345920414116216],[nan],[2.5949225305843004],,
Subject_05_119,,[2.488668302292099],[2.481360434166225],[nan],[2.4364762996280245],,
Subject_05_120,,[2.537880792731575],[2.437708191891297],[nan],[2.5199024656166644],,
Subject_05_121,,[2.528539774313089],[2.403969756337867],[nan],[2.398746314609102],,
Subject_05_122,,[2.566967762173058],[2.465180779398837],[nan],[2.0626359395435836],,
Subject_05_123,,[2.3876152760455667],[2.5775031494710823],[nan],[1.97490285869633],,
Subject_05_124,,[2.3458338457505725],[2.5434159994964296],[nan],[nan],,
Subject_05_125,,[2.185576224989813],[2.4452746859012633],[nan],[nan],,
Subject_05_126,,[2.114674257415272],[2.2926368140973246],[nan],[nan],,
Subject_05_127,,[2.0052908175741986],[2.3373947310526386],[nan],[nan],,
Subject_05_128,,[1.893314202277301],[2.3958018343651077],[nan],[nan],,
Subject_05_129,,[1.844227174669989],[2.204516446252393],[nan],[nan],,
Subject_05_130,,[1.850511274858935],[2.0692374409832732],[nan],[nan],,
Subject_05_131,,[1.822715735659149],[2.0590327514884312],[nan],[nan],,
Subject_05_132,,[1.863755532230851],[1.9678222856279668],[nan],[nan],,
Subject_05_133,,[1.633407944123837],[1.8363193465154248],[nan],[nan],,
Subject_05_134,,[1.5235790301259446],[1.8203125943284684],[nan],[nan],,
Subject_05_135,,[1.4843340128421272],[1.8399561904902029],[nan],[nan],,
Subject_05_136,,[1.5035714470014003],[1.752662760288955],[nan],[nan],,
Subject_05_137,,[1.3750687138965758],[1.7705360666370633],[nan],[nan],,
Subject_05_138,,[1.2865085557073632],[1.6063073489292834],[nan],[nan],,
Subject_05_139,,[1.3692114354174136],[1.5744776738485358],[nan],[nan],,
Subject_05_140,,[1.3892887220404901],[1.5241066099242997],[nan],[nan],,
Subject_05_141,,[1.2826161183609621],[1.3736497257238796],[nan],[nan],,
Subject_05_142,,[1.4170906150777969],[1.534073854449915],[nan],[nan],,
Subject_05_143,,[nan],[1.3526429409979788],[nan],[nan],,
Subject_05_144,,[nan],[1.2158406973328189],[nan],[nan],,
Subject_05_145,,[nan],[1.2534883541860466],[nan],[nan],,
Subject_06_014,,[1.2255478902274055],[nan],[nan],[nan],,
Subject_06_015,,[1.2453583956329815],[nan],[nan],[nan],,
Subject_06_016,,[1.6490880109497776],[nan],[nan],[nan],,
Subject_06_017,,[1.8854636882741418],[nan],[nan],[nan],,
Subject_06_018,,[2.089681056758213],[nan],[nan],[nan],,
Subject_06_019,,[2.2727383442484492],[nan],[nan],[nan],,
Subject_06_020,,[2.1356412622782304],[nan],[nan],[nan],,
Subject_06_021,,[2.3352691144746163],[nan],[nan],[nan],,
Subject_06_022,,[2.281005686219367],[nan],[nan],[nan],,
Subject_06_023,,[2.1186174225293755],[nan],[1.346853792327925],[nan],,
Subject_06_024,,[2.0360048690080577],[nan],[1.2671725133629412],[nan],,
Subject_06_025,,[2.035452360064125],[nan],[1.6813332662530598],[nan],,
Subject_06_026,,[1.9751598135802682],[nan],[1.5398815076889938],[nan],,
Subject_06_027,,[1.8971382947726312],[nan],[1.423075060629659],[nan],,
Subject_06_028,,[1.9027938137348515],[nan],[1.515695890172402],[nan],,
Subject_06_029,,[1.9781126032812322],[nan],[1.4188595673836417],[nan],,
Subject_06_030,,[1.8923820382311753],[nan],[1.5341884685497016],[nan],,
Subject_06_031,,[1.9065224354918924],[nan],[1.5471656250352988],[nan],,
Subject_06_032,,[1.869969246627766],[nan],[1.55700263808642],[nan],,
Subject_06_033,,[1.916912151701752],[nan],[1.523690629852184],[nan],,
Subject_06_034,,[1.9386396120524578],[nan],[1.3919102577360731],[nan],,
Subject_06_035,,[1.9224903721329731],[nan],[1.4456283420162366],[nan],,
Subject_06_036,,[1.8831048415660954],[nan],[1.489478946331989],[nan],,
Subject_06_037,,[1.7877309547191274],[nan],[1.626214175328585],[nan],,
Subject_06_038,,[1.923923666433962],[nan],[1.460268368356849],[nan],,
Subject_06_039,,[1.9764047773520852],[nan],[1.4782004601569096],[nan],,
Subject_06_040,,[1.930351426441734],[nan],[1.7122005684537622],[nan],,
Subject_06_041,,[1.8941152134680228],[nan],[1.7166941405823646],[nan],,
Subject_06_042,,[1.9116111251019654],[nan],[1.7713330838562917],[nan],,
Subject_06_043,,[1.8933866738365552],[nan],[1.7637417497394972],[nan],,
Subject_06_044,,[1.9412137268896517],[nan],[1.9348358349439556],[nan],,
Subject_06_045,,[2.0082632121760815],[nan],[1.8917102392153293],[nan],,
Subject_06_046,,[1.8971871602173935],[nan],[2.0555152562474803],[nan],,
Subject_06_047,,[1.9562377856590092],[nan],[2.0681187656213864],[nan],,
Subject_06_048,,[2.0098662323302734],[nan],[2.061504134379959],[nan],,
Subject_06_049,,[2.0314633426673683],[nan],[2.1129590425827875],[nan],,
Subject_06_050,,[1.9989540223477114],[nan],[2.145232013891039],[nan],,
Subject_06_051,,[2.06624098807555],[nan],[2.3028049094654706],[nan],,
Subject_06_052,,[2.1520062553641677],[nan],[2.2671021303971806],[nan],,
Subject_06_053,,[2.21621473537344],[nan],[2.1404125127612805],[nan],,
Subject_06_054,,[2.2671568828538495],[nan],[2.1705923777198297],[nan],,
Subject_06_055,,[2.2618084842994914],[nan],[2.197163832308287],[nan],,
Subject_06_056,,[2.3372245093487023],[nan],[2.176942015618162],[nan],,
Subject_06_057,,[2.1556901943477977],[nan],[2.214422234357132],[nan],,
Subject_06_058,,[2.171718530141561],[nan],[2.262787191820177],[nan],,
Subject_06_059,,[2.2041367259468525],[nan],[2.3109970773820017],[nan],,
Subject_06_060,,[2.403970779293409],[nan],[2.542990918457563],[nan],,
Subject_06_061,,[2.5362771859742415],[nan],[2.4508207551428973],[nan],,
Subject_06_062,,[2.4775312965701506],[nan],[2.6808526065314204],[nan],,
Subject_06_063,,[2.607481975046038],[nan],[2.745058613442721],[nan],,
Subject_06_064,,[2.8340781079443875],[nan],[3.0666211034392545],[nan],,
Subject_06_065,,[3.1798689895083077],[nan],[3.025679265860551],[nan],,
Subject_06_066,,[3.155366895170891],[nan],[3.6681286133702518],[nan],,
Subject_06_067,,[3.089949354737485],[nan],[3.1722524446034366],[nan],,
Subject_06_068,,[2.709694914959243],[nan],[3.3158687165396343],[nan],,
Subject_06_069,,[3.5828711528423334],[nan],[3.186728944015338],[nan],,
Subject_06_070,,[3.6908262339584383],[nan],[3.204474562742958],[nan],,
Subject_06_071,,[3.13312119609075],[nan],[3.30148126087778],[3.0216306034967895],,
Subject_06_072,,[2.9881929903449325],[nan],[2.9218952069913238],[2.9809387944858083],,
Subject_06_073,,[2.6997191483119387],[nan],[2.966662879543455],[2.9466394956449626],,
Subject_06_074,,[2.5343214257048166],[nan],[2.725932237664998],[2.753196876059381],,
Subject_06_075,,[2.6148027694574894],[nan],[2.1655422149672434],[2.9231478848732797],,
Subject_06_076,,[2.264868614625709],[nan],[2.124760191989481],[3.1300306759481553],,
Subject_06_077,,[2.3375420929993593],[nan],[2.318989179567493],[3.0742218401240256],,
Subject_06_078,,[2.2686813392190115],[nan],[2.031851736554622],[3.1081387981592474],,
Subject_06_079,,[2.1533192386627373],[nan],[1.6803296112367359],[3.374708879417024],,
Subject_06_080,,[2.197051968381201],[nan],[1.6695693443970423],[3.1478355301749437],,
Subject_06_081,,[2.2031173915031665],[nan],[nan],[3.149329059936867],,
Subject_06_082,,[2.2939148688858673],[nan],[nan],[2.9563641958868674],,
Subject_06_083,,[2.17512534474807],[nan],[nan],[2.7502134758599155],,
Subject_06_084,,[2.2899303571643252],[nan],[nan],[2.7863604598070766],,
Subject_06_085,,[2.0159124452386936],[nan],[nan],[2.678215606404053],,
Subject_06_086,,[1.98208773736068],[nan],[nan],[2.5468546191331254],,
Subject_06_087,,[2.1064447680842275],[nan],[nan],[2.4168102480929385],,
Subject_06_088,,[2.269606700130731],[nan],[nan],[2.4388108867645095],,
Subject_06_089,,[2.2929127463617056],[nan],[nan],[2.3701000315552228],,
Subject_06_090,,[2.2212570342008773],[nan],[nan],[2.1909245011557403],,
Subject_06_091,,[2.183630785176408],[nan],[nan],[2.060022726838037],,
Subject_06_092,,[2.024223862472174],[nan],[nan],[2.3378378549160055],,
Subject_06_093,,[1.9628752961539124],[nan],[nan],[2.2845253702902912],,
Subject_06_094,,[1.7638414256833148],[nan],[nan],[2.130773092380699],,
Subject_06_095,,[1.618892087696986],[nan],[nan],[1.7695053389484083],,
Subject_06_096,,[1.5873076056467874],[nan],[nan],[1.8638348074631168],,
Subject_06_097,,[1.6565249856490976],[nan],[nan],[1.9294326958251427],,
Subject_06_098,,[1.8032704555271086],[nan],[nan],[1.8906147355194576],,
Subject_06_099,,[1.6600218216003217],[nan],[nan],[2.003261522161077],,
Subject_06_100,,[1.6928767273629777],[nan],[nan],[2.221041387179897],,
Subject_06_101,,[1.8134458405571632],[nan],[nan],[2.2213903800626404],,
Subject_06_102,,[1.9955386153243342],[1.9017786736221214],[nan],[2.089479077563978],,
Subject_06_103,,[1.9653360085233234],[1.7733738503004313],[nan],[2.353579850543574],,
Subject_06_104,,[1.9294996024319184],[1.4988060442173232],[nan],[2.140671575551702],,
Subject_06_105,,[1.9927373475211079],[1.4091699218291494],[nan],[2.2946651293702502],,
Subject_06_106,,[2.1000697772206096],[1.3844395480524805],[nan],[2.2110095123564024],,
Subject_06_107,,[2.093869718175136],[1.5438632479764178],[nan],[2.1587666731999753],,
Subject_06_108,,[2.009599949979929],[1.5935625496550998],[nan],[2.019145159141403],,
Subject_06_109,,[2.022869983370959],[1.5232134259488048],[nan],[2.3959739638114224],,
Subject_06_110,,[2.0072437412046606],[1.5761073225527196],[nan],[2.302686452798933],,
Subject_06_111,,[2.0365842145578066],[1.5569466613911205],[nan],[2.363570602660845],,
Subject_06_112,,[2.109452469201499],[1.8236825631046498],[nan],[2.190152938183681],,
Subject_06_113,,[2.0906825080182085],[1.688329304861542],[nan],[2.120431557582165],,
Subject_06_114,,[2.0890788185277858],[1.8661892867902556],[nan],[2.361634221659964],,
Subject_06_115,,[2.0266466053565306],[1.831099976380739],[nan],[2.322011646197079],,
Subject_06_116,,[1.9665685144107674],[2.059605506373515],[nan],[2.492818739689255],,
Subject_06_117,,[1.950222571092316],[2.1163679117170844],[nan],[2.7114362716092835],,
Subject_06_118,,[2.006423808867311],[2.034401596462144],[nan],[2.6475266530268575],,
Subject_06_119,,[1.9446241036922558],[2.204332749532057],[nan],[2.791113949875859],,
Subject_06_120,,[2.0434415435120084],[2.573140952378115],[nan],[2.827301571653815],,
Subject_06_121,,[2.009502781422991],[2.586817613173872],[nan],[2.8886260713904566],,
Subject_06_122,,[2.067045882428735],[2.509956013623564],[nan],[2.779063985964426],,
Subject_06_123,,[2.03624826865315],[2.5325833565275486],[nan],[2.7636596293645845],,
Subject_06_124,,[2.058589984049546],[2.5099675077598795],[nan],[2.6200942785920445],,
Subject_06_125,,[2.1325792645334287],[2.284053850110817],[nan],[2.4607599140993406],,
Subject_06_126,,[2.150762291461263],[2.3260944353772386],[nan],[2.7667145648563123],,
Subject_06_127,,[2.0549034293234274],[2.326507102023875],[nan],[2.6491388469135915],,
Subject_06_128,,[1.9850697623465485],[2.3745104255855685],[nan],[2.3357949794547537],,
Subject_06_129,,[1.9345516960914568],[2.400811623088043],[nan],[2.55793235359808],,
Subject_06_130,,[2.0095773388933966],[2.4617290207779536],[nan],[2.356687488002033],,
Subject_06_131,,[2.027753369167539],[2.675220417571406],[nan],[nan],,
Subject_06_132,,[2.046177133591098],[2.3028221164657334],[nan],[nan],,
Subject_06_133,,[1.9307148344273446],[2.404885232915157],[nan],[nan],,
Subject_06_134,,[1.9633243215783347],[2.2497557438291573],[nan],[nan],,
Subject_06_135,,[1.946413148836314],[2.188323792951765],[nan],[nan],,
Subject_06_136,,[1.9460280501325398],[2.347453702050306],[nan],[nan],,
Subject_06_137,,[1.9363276265190357],[2.2048668861522636],[nan],[nan],,
Subject_06_138,,[1.9151491895284],[2.2244457726950944],[nan],[nan],,
Subject_06_139,,[1.926328332861227],[2.15732447544542],[nan],[nan],,
Subject_06_140,,[1.8489346423772353],[2.35375538642356],[nan],[nan],,
Subject_06_141,,[1.8114335270611188],[2.3281528642969866],[nan],[nan],,
Subject_06_142,,[1.9561265629366291],[2.415888013331797],[nan],[nan],,
Subject_06_143,,[1.7213028938761128],[2.276845314210519],[nan],[nan],,
Subject_06_144,,[1.872280182567728],[2.3728316740396105],[nan],[nan],,
Subject_06_145,,[1.7397261336201728],[2.3614691652481175],[nan],[nan],,
Subject_06_146,,[1.3935808023994152],[2.323348472819978],[nan],[nan],,
Subject_06_147,,[1.2375661848518658],[2.230010249023618],[nan],[nan],,
Subject_06_148,,[nan],[2.336003310520674],[nan],[nan],,
Subject_06_149,,[nan],[2.1216154212184377],[nan],[nan],,
Subject_06_150,,[nan],[1.6653272214488473],[nan],[nan],,
Subject_07_018,,[1.250169146117793],[nan],[nan],[nan],,
Subject_07_019,,[1.189460132514175],[nan],[nan],[nan],,
Subject_07_020,,[1.2215127241517367],[nan],[nan],[nan],,
Subject_07_021,,[1.3300706701211151],[nan],[nan],[nan],,
Subject_07_022,,[1.4002380317697143],[nan],[nan],[nan],,
Subject_07_023,,[1.5598068259330835],[nan],[nan],[nan],,
Subject_07_024,,[1.5272338468548279],[nan],[nan],[nan],,
Subject_07_025,,[1.6223103737294116],[nan],[nan],[nan],,
Subject_07_026,,[1.746328321783459],[nan],[nan],[nan],,
Subject_07_027,,[1.8024862059647613],[nan],[nan],[nan],,
Subject_07_028,,[1.7703492489122803],[nan],[1.419456497026107],[nan],,
Subject_07_029,,[1.8170813299618482],[nan],[1.458851150649286],[nan],,
Subject_07_030,,[1.8458662332943316],[nan],[1.39244833000533],[nan],,
Subject_07_031,,[1.825470446950728],[nan],[1.5064349618056305],[nan],,
Subject_07_032,,[1.7378212159731803],[nan],[1.6500147290736913],[nan],,
Subject_07_033,,[1.732896438241208],[nan],[1.6487063365817602],[nan],,
Subject_07_034,,[1.8784538803820614],[nan],[1.70918063178881],[nan],,
Subject_07_035,,[1.863331059142966],[nan],[1.8443275314092276],[nan],,
Subject_07_036,,[1.8443860779660568],[nan],[2.0315579061212437],[nan],,
Subject_07_037,,[1.9055187038129986],[nan],[2.0495453740582246],[nan],,
Subject_07_038,,[1.9219204933921463],[nan],[2.159531376799487],[nan],,
Subject_07_039,,[1.9210851141012923],[nan],[2.0507126429169116],[nan],,
Subject_07_040,,[1.9366954195533665],[nan],[2.0080379910208137],[nan],,
Subject_07_041,,[1.956462494327557],[nan],[2.071750429232121],[nan],,
Subject_07_042,,[2.000653694717862],[nan],[2.0738086734459955],[nan],,
Subject_07_043,,[2.0032460928204245],[nan],[2.129596116832876],[nan],,
Subject_07_044,,[1.9647879680118265],[nan],[2.0953481250672104],[nan],,
Subject_07_045,,[1.9705069889493252],[nan],[2.029772380843132],[nan],,
Subject_07_046,,[1.9883974434311427],[nan],[2.0144762214123246],[nan],,
Subject_07_047,,[2.01715802228735],[nan],[2.0046142001316647],[nan],,
Subject_07_048,,[1.9934498972416048],[nan],[1.978837972676548],[nan],,
Subject_07_049,,[2.0240014716443215],[nan],[2.062168915672792],[2.16353503407806],,
Subject_07_050,,[2.0663849976344153],[nan],[2.2084123141238883],[2.5347270181491326],,
Subject_07_051,,[2.023881837257017],[nan],[2.306331274611385],[2.4702751675322543],,
Subject_07_052,,[2.0443768403827556],[nan],[2.3233254333514703],[2.816696526298191],,
Subject_07_053,,[1.8154239459629025],[nan],[2.1773322592397637],[2.685517188773227],,
Subject_07_054,,[1.963667063905092],[nan],[2.3284281574119943],[2.665027893708095],,
Subject_07_055,,[1.9561520742128766],[nan],[2.3661232918147896],[2.3326438573539545],,
Subject_07_056,,[1.9340841847203396],[nan],[2.1924739256564623],[2.2379651596173735],,
Subject_07_057,,[2.1830168791748776],[nan],[2.338073288320112],[2.0833146645335483],,
Subject_07_058,,[2.1386204156991937],[nan],[2.3230278105013475],[2.30767646875926],,
Subject_07_059,,[2.160398094315369],[nan],[2.4327294507776056],[2.395609800000126],,
Subject_07_060,,[2.1638386274046684],[nan],[2.4387834109297164],[2.046318438383787],,
Subject_07_061,,[2.0130029978138357],[nan],[2.413926624218714],[2.439214272673656],,
Subject_07_062,,[2.120469403921441],[nan],[2.312054782164359],[2.5209377929492462],,
Subject_07_063,,[2.052233893996075],[nan],[2.2654710912261633],[2.4631901685009705],,
Subject_07_064,,[1.943061032321133],[nan],[2.173431977587517],[2.375512536899123],,
Subject_07_065,,[1.9564635960265762],[nan],[2.0738686506110064],[2.3800816500252995],,
Subject_07_066,,[1.984824193462952],[nan],[nan],[2.3552482169947266],,
Subject_07_067,,[1.9490387797996056],[nan],[nan],[2.406271174523963],,
Subject_07_068,,[1.9076590234679376],[nan],[nan],[2.349738653395001],,
Subject_07_069,,[1.9254192420342204],[nan],[nan],[2.304351356375161],,
Subject_07_070,,[1.895042129890309],[nan],[nan],[2.2788450307666173],,
Subject_07_071,,[1.8932609662192963],[nan],[nan],[2.368945346609641],,
Subject_07_072,,[1.9643378756402605],[nan],[nan],[2.3434873101994653],,
Subject_07_073,,[1.9364954941948225],[nan],[nan],[2.4106728216267714],,
Subject_07_074,,[2.041404928003833],[nan],[nan],[2.427503822206528],,
Subject_07_075,,[2.0151349708713022],[nan],[nan],[2.1358831769411566],,
Subject_07_076,,[1.9234067455612796],[nan],[nan],[2.2875203156169253],,
Subject_07_077,,[2.0559160214019605],[nan],[nan],[2.4055760227759233],,
Subject_07_078,,[2.105505206118806],[nan],[nan],[2.193312533588112],,
Subject_07_079,,[1.9589137608039782],[nan],[nan],[2.350491154445849],,
Subject_07_080,,[2.0485393515466264],[nan],[nan],[2.33124418118631],,
Subject_07_081,,[1.9803980937316092],[nan],[nan],[2.3231518656062584],,
Subject_07_082,,[1.9323059694415474],[nan],[nan],[2.1922486602030458],,
Subject_07_083,,[1.9123535818409214],[nan],[nan],[2.136700319905615],,
Subject_07_084,,[1.9867114966098456],[1.4072238595135689],[nan],[2.200474913636732],,
Subject_07_085,,[2.047881349820521],[1.2854698389806714],[nan],[2.0667825808777325],,
Subject_07_086,,[1.9649496232451575],[1.2749299478067326],[nan],[2.0111113656229787],,
Subject_07_087,,[2.0886791666436086],[1.256610890236681],[nan],[2.219505916355661],,
Subject_07_088,,[1.9895338332907653],[1.1920064972634328],[nan],[2.073350033642577],,
Subject_07_089,,[2.0611532121421234],[1.1930339438647366],[nan],[2.140038907239549],,
Subject_07_090,,[2.034803354634715],[1.2732090973855714],[nan],[1.793697060152083],,
Subject_07_091,,[2.0541892637316845],[1.1761850756427785],[nan],[2.076448271083968],,
Subject_07_092,,[2.0120716979570843],[1.495822524449458],[nan],[1.9535933411524178],,
Subject_07_093,,[1.9937042102885085],[1.5219566727878913],[nan],[1.9392635578485238],,
Subject_07_094,,[1.9824781968666412],[1.611605162645144],[nan],[2.0206514926189545],,
Subject_07_095,,[1.9751041783872207],[1.7098414829301825],[nan],[1.7897202408122161],,
Subject_07_096,,[1.9635765945646042],[1.877716467004397],[nan],[2.0977470888140566],,
Subject_07_097,,[1.9151908689838533],[1.9162949378783216],[nan],[2.044099617064103],,
Subject_07_098,,[1.9816557892375573],[1.8909767965822204],[nan],[2.210718549499804],,
Subject_07_099,,[1.9447996754725916],[1.8511527599471187],[nan],[2.269017389331856],,
Subject_07_100,,[1.8928068975718857],[1.9569785389172454],[nan],[2.1742979956365946],,
Subject_07_101,,[1.8723422144142212],[1.9775534477630652],[nan],[2.471308126208455],,
Subject_07_102,,[1.8594476170726988],[2.2713668497115314],[nan],[2.3900283257928434],,
Subject_07_103,,[1.880947335130006],[2.234657470039995],[nan],[2.16499348078371],,
Subject_07_104,,[1.8077438641926018],[2.1157089579554116],[nan],[2.0501860220230297],,
Subject_07_105,,[1.7844699275963292],[2.088581467583378],[nan],[1.5239758059865076],,
Subject_07_106,,[1.7697679113416156],[2.1047875570504755],[nan],[nan],,
Subject_07_107,,[1.7986348335138485],[2.1042165731382734],[nan],[nan],,
Subject_07_108,,[1.6973905959035154],[2.086609218578636],[nan],[nan],,
Subject_07_109,,[1.6845742088467621],[2.0894049039038904],[nan],[nan],,
Subject_07_110,,[1.6638334118591884],[1.8694901449808843],[nan],[nan],,
Subject_07_111,,[1.6222294092650251],[1.8768843027285833],[nan],[nan],,
Subject_07_112,,[1.4962594895384935],[1.859713236308453],[nan],[nan],,
Subject_07_113,,[1.5237811834482504],[1.9347760777018523],[nan],[nan],,
Subject_07_114,,[1.4865204023625083],[1.9997545287848482],[nan],[nan],,
Subject_07_115,,[1.4421474509030576],[2.050589653969663],[nan],[nan],,
Subject_07_116,,[1.477010652480661],[2.1535894716879587],[nan],[nan],,
Subject_07_117,,[1.4092096887689562],[2.1627760645690843],[nan],[nan],,
Subject_07_118,,[1.4769217372333832],[2.1039388486063717],[nan],[nan],,
Subject_07_119,,[1.503323756801052],[1.9344796660044554],[nan],[nan],,
Subject_07_120,,[1.3826958125286455],[1.7511701559466117],[nan],[nan],,
Subject_07_121,,[1.601461073283261],[1.7000485695293694],[nan],[nan],,
Subject_07_122,,[1.6981957108362198],[1.5871011965305768],[nan],[nan],,
Subject_07_123,,[1.829595877693206],[1.549934618742937],[nan],[nan],,
Subject_07_124,,[nan],[1.359574153869893],[nan],[nan],,
Subject_07_125,,[nan],[1.3022678965769883],[nan],[nan],,
Subject_07_126,,[nan],[1.2957106596085024],[nan],[nan],,
Subject_07_127,,[nan],[1.295485511959407],[nan],[nan],,
Subject_08_025,,[nan],[nan],[nan],[nan],,
Subject_08_026,,[1.2935511269436928],[nan],[1.3004754386813346],[nan],,
Subject_08_027,,[1.4166781609010155],[nan],[1.28937392936498],[nan],,
Subject_08_028,,[1.4107164994907255],[nan],[1.4327949274110043],[nan],,
Subject_08_029,,[1.4849944681195806],[nan],[1.313595017632242],[nan],,
Subject_08_030,,[1.5285506909791873],[nan],[1.3614838619957375],[nan],,
Subject_08_031,,[1.7061312200887977],[nan],[1.3380144035109425],[nan],,
Subject_08_032,,[1.7509978350853446],[nan],[1.4632323638027944],[nan],,
Subject_08_033,,[1.8923546885606053],[nan],[1.8937718902756215],[nan],,
Subject_08_034,,[1.9638148205050003],[nan],[2.106350690689612],[nan],,
Subject_08_035,,[2.0517791264926437],[nan],[2.3613667280173165],[nan],,
Subject_08_036,,[1.9757000749097082],[nan],[2.3184890511545504],[nan],,
Subject_08_037,,[2.1185868512296175],[nan],[2.615528137414489],[nan],,
Subject_08_038,,[2.071857827998356],[nan],[2.3055429693102427],[nan],,
Subject_08_039,,[2.1929976914539746],[nan],[2.200062452931173],[nan],,
Subject_08_040,,[2.1576564692138014],[nan],[2.428776502024686],[nan],,
Subject_08_041,,[2.1109562132240445],[nan],[2.3511246304450517],[nan],,
Subject_08_042,,[2.2026084423021657],[nan],[2.2718767991699633],[nan],,
Subject_08_043,,[2.229348678627243],[nan],[2.3301018356709022],[nan],,
Subject_08_044,,[2.276055752907671],[nan],[2.2824022888820417],[nan],,
Subject_08_045,,[2.230393842534896],[nan],[2.268529352233656],[nan],,
Subject_08_046,,[2.2201048521448543],[nan],[2.2467912896240176],[nan],,
Subject_08_047,,[2.2845360907319034],[nan],[2.153504814491525],[nan],,
Subject_08_048,,[2.2408572332873002],[nan],[2.434049207779878],[nan],,
Subject_08_049,,[2.181937191233466],[nan],[2.4270993903768403],[nan],,
Subject_08_050,,[2.200085848750422],[nan],[2.2400185756831656],[nan],,
Subject_08_051,,[2.2629533018009624],[nan],[2.45345302874566],[nan],,
Subject_08_052,,[2.217606516765465],[nan],[2.3885802390815676],[nan],,
Subject_08_053,,[2.3786406499247486],[nan],[2.3939169480712152],[nan],,
Subject_08_054,,[2.3643629900775545],[nan],[2.410477134715371],[nan],,
Subject_08_055,,[2.4476696702100806],[nan],[2.4551634969041203],[nan],,
Subject_08_056,,[2.475906432050616],[nan],[2.6330742496607717],[nan],,
Subject_08_057,,[2.425247375874827],[nan],[2.6418366335373773],[nan],,
Subject_08_058,,[2.4977744690815897],[nan],[2.604245818633573],[nan],,
Subject_08_059,,[2.6422260249981058],[nan],[2.553089027845869],[nan],,
Subject_08_060,,[2.580943731269394],[nan],[2.5553747320237865],[nan],,
Subject_08_061,,[2.7817712061219724],[nan],[2.3429661257559724],[1.9190862723345932],,
Subject_08_062,,[2.620554518701403],[nan],[2.5927368967254814],[2.167133249109911],,
Subject_08_063,,[2.4220820195415294],[nan],[2.5970551708440826],[2.489350115859872],,
Subject_08_064,,[2.479410178208988],[nan],[2.568619431196392],[2.554177436199885],,
Subject_08_065,,[2.401599380366222],[nan],[2.6732087171082566],[2.642422247835011],,
Subject_08_066,,[2.3455434494815726],[nan],[2.609470860985666],[2.6964442430205473],,
Subject_08_067,,[2.2903723666216362],[nan],[2.9379070527682725],[2.8890572778816597],,
Subject_08_068,,[2.374725153272092],[nan],[2.768096555823885],[2.8949954730670195],,
Subject_08_069,,[2.229162111748823],[nan],[2.5407018359979214],[3.091793722339539],,
Subject_08_070,,[2.226377192583626],[nan],[2.6248263742098508],[3.163415075442949],,
Subject_08_071,,[2.2131703589023584],[nan],[2.7322801053010446],[3.171412413845864],,
Subject_08_072,,[2.1963759994454937],[nan],[nan],[3.1606578495396587],,
Subject_08_073,,[2.2467854946544925],[nan],[nan],[3.1386065835888854],,
Subject_08_074,,[2.2185170180055134],[nan],[nan],[3.290869865440245],,
Subject_08_075,,[2.2795642668896616],[nan],[nan],[2.9248452420598086],,
Subject_08_076,,[2.1666953697441267],[nan],[nan],[3.0085672662096195],,
Subject_08_077,,[2.237791465348793],[nan],[nan],[2.868609621688682],,
Subject_08_078,,[2.2392068549316773],[nan],[nan],[2.979036322475303],,
Subject_08_079,,[2.185365087750326],[nan],[nan],[2.9131923228805214],,
Subject_08_080,,[2.20966007449695],[nan],[nan],[2.8393793373863203],,
Subject_08_081,,[2.1903580730709233],[nan],[nan],[2.779891728810675],,
Subject_08_082,,[2.323781563657464],[nan],[nan],[2.755100344649806],,
Subject_08_083,,[2.342697151875691],[nan],[nan],[2.670775488085985],,
Subject_08_084,,[2.297921238117302],[nan],[nan],[2.6150243581476973],,
Subject_08_085,,[2.1599386783033308],[nan],[nan],[2.4818544669700797],,
Subject_08_086,,[2.2253988167330494],[nan],[nan],[2.2833828012241852],,
Subject_08_087,,[2.3008763167221984],[nan],[nan],[2.4112492858086316],,
Subject_08_088,,[2.3233685759028875],[nan],[nan],[2.2408416760879035],,
Subject_08_089,,[2.3102227632583316],[nan],[nan],[2.5460023721938625],,
Subject_08_090,,[2.208639614654601],[nan],[nan],[2.5651866306349977],,
Subject_08_091,,[2.2373938031339162],[nan],[nan],[2.62320657389136],,
Subject_08_092,,[2.2800842297827213],[nan],[nan],[2.5762055528818992],,
Subject_08_093,,[2.2702962045376434],[nan],[nan],[2.4872883036806437],,
Subject_08_094,,[2.234146512977888],[1.4161399062102247],[nan],[2.758441564147012],,
Subject_08_095,,[2.1862536467546736],[1.5045733437497162],[nan],[2.508090106434066],,
Subject_08_096,,[2.331201493655358],[1.7169596822801945],[nan],[2.555182834214621],,
Subject_08_097,,[2.188659363370487],[1.8790676108551283],[nan],[2.6968851366098714],,
Subject_08_098,,[2.150804609459244],[2.035762063368914],[nan],[2.8252735833262097],,
Subject_08_099,,[2.124752550962102],[2.185686225614973],[nan],[2.6595489144073445],,
Subject_08_100,,[2.223321135296697],[2.3053347827944046],[nan],[2.6445934057672926],,
Subject_08_101,,[2.0815882179741205],[2.260411636676937],[nan],[2.6925159453632075],,
Subject_08_102,,[2.0104353478983463],[2.4016040693829566],[nan],[2.8875102189707267],,
Subject_08_103,,[2.130239943664713],[2.407343545253898],[nan],[2.4983993230644903],,
Subject_08_104,,[2.2242156758869434],[2.6558470104900245],[nan],[2.600292038328178],,
Subject_08_105,,[2.209802749594352],[2.5102402485687048],[nan],[2.626954889997834],,
Subject_08_106,,[2.152978921755497],[2.6170237582198683],[nan],[2.665431813360361],,
Subject_08_107,,[2.265102595890442],[2.4233232796068287],[nan],[2.5961764982179885],,
Subject_08_108,,[2.2251072318635616],[2.5104986750528115],[nan],[2.6338587142564633],,
Subject_08_109,,[2.1768806299125116],[2.4729750519897142],[nan],[2.731043663293623],,
Subject_08_110,,[2.1308475492503662],[2.418365587827171],[nan],[2.702402903822704],,
Subject_08_111,,[2.2019493759325695],[2.355539917605879],[nan],[2.7536492036487825],,
Subject_08_112,,[2.200253858017645],[2.446811284368475],[nan],[2.742396263851356],,
Subject_08_113,,[2.1673855138555687],[2.3309943839723],[nan],[2.5263304906865436],,
Subject_08_114,,[2.1399255548673346],[2.2721586053252802],[nan],[2.457890828883203],,
Subject_08_115,,[2.1819420840573542],[2.259004356308322],[nan],[2.45009800779148],,
Subject_08_116,,[2.09999312528086],[2.1834777016733926],[nan],[2.134985304669167],,
Subject_08_117,,[2.1388364735434933],[2.2590221965566424],[nan],[2.504739646153947],,
Subject_08_118,,[2.060613115028947],[2.1158096700001545],[nan],[2.4316589683291543],,
Subject_08_119,,[2.0316532067899096],[2.1393857893392245],[nan],[2.231504367039051],,
Subject_08_120,,[1.9968127574502073],[2.1544276975556493],[nan],[2.263096261793603],,
Subject_08_121,,[1.9758235222060743],[2.1110489330575857],[nan],[2.4081229323290647],,
Subject_08_122,,[1.9462485391053166],[2.033371212359632],[nan],[2.197949643640132],,
Subject_08_123,,[1.8998884015863542],[1.9906170685863083],[nan],[2.4836571026273213],,
Subject_08_124,,[1.7991012479061816],[1.9600134365577262],[nan],[2.4864248764579537],,
Subject_08_125,,[1.72600899912959],[1.943809680411343],[nan],[2.2406616363336833],,
Subject_08_126,,[1.6651423774110916],[1.8174358806664208],[nan],[2.3272939413283154],,
Subject_08_127,,[1.881374950049982],[1.8401394779578184],[nan],[2.591423318200345],,
Subject_08_128,,[1.8443675296954543],[1.8506570938109312],[nan],[2.4262444912480077],,
Subject_08_129,,[1.7730134496645313],[1.8277582892192636],[nan],[1.9758490314300807],,
Subject_08_130,,[1.7362161007648145],[1.646363600091236],[nan],[nan],,
Subject_08_131,,[1.6296492532329947],[1.6659129985080883],[nan],[nan],,
Subject_08_132,,[1.6587537908644931],[1.6789164904900105],[nan],[nan],,
Subject_08_133,,[1.7116048694739534],[1.6535642909514756],[nan],[nan],,
Subject_08_134,,[1.5776413269368674],[1.6126944531581608],[nan],[nan],,
Subject_08_135,,[1.534818317560058],[1.530758430885529],[nan],[nan],,
Subject_08_136,,[1.3153470507787857],[1.5318910216176396],[nan],[nan],,
Subject_08_137,,[nan],[1.3942264670902869],[nan],[nan],,
Subject_08_138,,[nan],[1.3553516040140758],[nan],[nan],,
Subject_08_139,,[nan],[1.4218506853203978],[nan],[nan],,
Subject_08_140,,[nan],[1.3530310269429726],[nan],[nan],,
Subject_08_141,,[nan],[1.4217168144032646],[nan],[nan],,
Subject_09_021,,[nan],[nan],[nan],[nan],,
Subject_09_022,,[nan],[1.2534133843785131],[nan],[nan],,
Subject_09_023,,[nan],[1.260187708292812],[nan],[nan],,
Subject_09_024,,[nan],[1.2470073932216232],[nan],[nan],,
Subject_09_025,,[nan],[1.3359007922871975],[nan],[nan],,
Subject_09_026,,[nan],[1.2999999814285716],[nan],[nan],,
Subject_09_027,,[nan],[1.275603267352067],[nan],[nan],,
Subject_09_028,,[nan],[1.516991834638425],[nan],[nan],,
Subject_09_029,,[1.7947167680693443],[1.6183950070446431],[nan],[nan],,
Subject_09_030,,[1.792164180526032],[1.6189726966658988],[nan],[nan],,
Subject_09_031,,[1.8593759949553192],[1.7533065950388445],[nan],[nan],,
Subject_09_032,,[1.7495194411786315],[1.8584514998542128],[nan],[nan],,
Subject_09_033,,[1.8231664408135717],[1.8852690980092661],[nan],[nan],,
Subject_09_034,,[1.8448087546084073],[2.0958171379380137],[nan],[nan],,
Subject_09_035,,[1.8494427511252036],[2.2266082568497745],[nan],[nan],,
Subject_09_036,,[1.8762156765568268],[2.282410612933606],[nan],[nan],,
Subject_09_037,,[2.01255566905719],[2.2790940557893586],[nan],[nan],,
Subject_09_038,,[1.9515388449878832],[2.250091388512663],[nan],[nan],,
Subject_09_039,,[2.1250609645074476],[2.2574804037835787],[nan],[nan],,
Subject_09_040,,[2.076520015407587],[2.121317919419044],[nan],[nan],,
Subject_09_041,,[2.138998118732442],[2.018905064241183],[nan],[nan],,
Subject_09_042,,[2.1614021118131355],[1.9205316908234862],[nan],[nan],,
Subject_09_043,,[2.172487448622056],[1.9040960424716695],[nan],[nan],,
Subject_09_044,,[2.142170560272482],[2.143544457897091],[nan],[nan],,
Subject_09_045,,[2.221475094970438],[2.161924745778848],[nan],[nan],,
Subject_09_046,,[2.159951845645974],[2.3397357832642056],[nan],[nan],,
Subject_09_047,,[2.240530682812597],[2.3694688418616856],[nan],[nan],,
Subject_09_048,,[2.329006468577133],[2.3045294348779737],[nan],[nan],,
Subject_09_049,,[2.2708448832824315],[2.294088978078725],[nan],[nan],,
Subject_09_050,,[2.201322241632988],[2.464569823370047],[nan],[nan],,
Subject_09_051,,[2.1646420099394255],[1.846800180217768],[nan],[nan],,
Subject_09_052,,[2.2215570723597535],[1.7836152649788382],[nan],[nan],,
Subject_09_053,,[2.2791917248366955],[1.8256106068380191],[nan],[nan],,
Subject_09_054,,[2.258628242602876],[2.087436102367944],[nan],[nan],,
Subject_09_055,,[2.168900334317986],[2.0068384118959015],[nan],[1.578368786006234],,
Subject_09_056,,[2.2311770536310926],[1.8677303222390544],[nan],[1.8202873047135717],,
Subject_09_057,,[2.250170480962487],[1.6372935144906176],[nan],[1.7247750168750795],,
Subject_09_058,,[2.34546030713844],[1.7188687984783126],[nan],[1.7705453386486265],,
Subject_09_059,,[2.334714194912476],[1.640795335924804],[nan],[1.5847150415987066],,
Subject_09_060,,[2.2997649653728636],[1.5982002407706446],[nan],[1.5025884506894673],,
Subject_09_061,,[2.342509304641622],[1.4484393439489336],[nan],[1.4342547827723133],,
Subject_09_062,,[2.3680530569255542],[1.3008339078467164],[nan],[1.8163185814593674],,
Subject_09_063,,[2.2079779655242757],[1.3056608229786715],[nan],[1.6888809224660286],,
Subject_09_064,,[2.098664801399983],[nan],[nan],[1.4773694686697267],,
Subject_09_065,,[2.1131259439124253],[nan],[nan],[1.6246133703021677],,
Subject_09_066,,[1.9939350692183058],[nan],[nan],[1.6537232826053463],,
Subject_09_067,,[1.8108840983501744],[nan],[nan],[1.739338964987815],,
Subject_09_068,,[1.9372162500414627],[nan],[nan],[1.9575330560056956],,
Subject_09_069,,[2.0559399547852153],[nan],[nan],[1.7752798304687873],,
Subject_09_070,,[1.9133907729937067],[nan],[nan],[2.1484237503882615],,
Subject_09_071,,[1.811064014534874],[nan],[nan],[2.1531028978524906],,
Subject_09_072,,[2.0900902580310117],[nan],[nan],[1.896651947755835],,
Subject_09_073,,[1.9488856890027175],[nan],[nan],[1.9328867514118242],,
Subject_09_074,,[2.0098118541689463],[nan],[nan],[1.878144182300885],,
Subject_09_075,,[2.0860369778731997],[nan],[nan],[1.740527686559986],,
Subject_09_076,,[2.059913816748218],[nan],[nan],[1.8357331800612258],,
Subject_09_077,,[2.0058329662047623],[nan],[nan],[1.827705803632721],,
Subject_09_078,,[2.182260819283866],[nan],[nan],[1.5997594893990918],,
Subject_09_079,,[2.0936478496954485],[nan],[nan],[2.0424432917383983],,
Subject_09_080,,[2.1736650008082803],[nan],[nan],[2.058090173983297],,
Subject_09_081,,[2.094675813019909],[nan],[nan],[2.0555999801078735],,
Subject_09_082,,[2.0126411885128963],[nan],[nan],[1.8966760242337235],,
Subject_09_083,,[2.164639336966666],[nan],[nan],[2.1557589482890167],,
Subject_09_084,,[2.079129683232535],[nan],[nan],[2.0007173769486513],,
Subject_09_085,,[2.0241453224545736],[nan],[nan],[1.90012304961166],,
Subject_09_086,,[2.227992730767496],[nan],[nan],[1.9452028511930033],,
Subject_09_087,,[2.324755679719102],[nan],[2.3638769371300357],[1.9749175108061923],,
Subject_09_088,,[2.4456922609583973],[nan],[2.5553490441856748],[1.6640061628324352],,
Subject_09_089,,[2.412555369432816],[nan],[2.8013145810773996],[1.7816941384691505],,
Subject_09_090,,[2.6033723944489],[nan],[2.7387955831205866],[1.6692977537819338],,
Subject_09_091,,[2.6541892122244093],[nan],[2.828578680051401],[1.903908169897005],,
Subject_09_092,,[2.637630637338696],[nan],[2.490951429421634],[2.0527717192373998],,
Subject_09_093,,[2.307346533952533],[nan],[2.8701284963700004],[2.1022670508342958],,
Subject_09_094,,[2.3808809510791353],[nan],[2.4878354318950477],[1.8112315442711473],,
Subject_09_095,,[2.1964570042528986],[nan],[2.471519482097772],[1.9402226024126348],,
Subject_09_096,,[2.191720666577375],[nan],[2.4161610403797766],[1.9096019342916402],,
Subject_09_097,,[2.1580864120066168],[nan],[2.465192195803445],[1.6357364858483658],,
Subject_09_098,,[2.1515966088945992],[nan],[2.4896676322204616],[1.4319576365564528],,
Subject_09_099,,[2.234950642626608],[nan],[2.204837988853886],[nan],,
Subject_09_100,,[2.250560436863405],[nan],[2.290877012756016],[nan],,
Subject_09_101,,[2.1500220691753262],[nan],[2.2077704331987613],[nan],,
Subject_09_102,,[2.1389471326893426],[nan],[2.2096751384922064],[nan],,
Subject_09_103,,[2.274684757630203],[nan],[2.0181850837069155],[nan],,
Subject_09_104,,[2.1895779638744464],[nan],[1.958500087219502],[nan],,
Subject_09_105,,[2.350388325954688],[nan],[2.0966118401137765],[nan],,
Subject_09_106,,[2.2282922137957653],[nan],[1.9168238524324044],[nan],,
Subject_09_107,,[2.1331447573765425],[nan],[1.8082526920302153],[nan],,
Subject_09_108,,[2.18115014999356],[nan],[1.9201869845908324],[nan],,
Subject_09_109,,[2.25922143506606],[nan],[1.972343209005023],[nan],,
Subject_09_110,,[2.2028559397020295],[nan],[1.902213575291919],[nan],,
Subject_09_111,,[2.1247416614494288],[nan],[1.7937318943294551],[nan],,
Subject_09_112,,[2.1531455364899053],[nan],[1.7060105823624176],[nan],,
Subject_09_113,,[2.1539501897946804],[nan],[1.639991283082552],[nan],,
Subject_09_114,,[2.058559844544686],[nan],[1.6389939191071448],[nan],,
Subject_09_115,,[2.0813148032967805],[nan],[1.534278629370355],[nan],,
Subject_09_116,,[2.1072127920232804],[nan],[1.4861752209977375],[nan],,
Subject_09_117,,[2.1410387995621267],[nan],[1.450191725806283],[nan],,
Subject_09_118,,[2.1916681257238153],[nan],[1.4508305518255524],[nan],,
Subject_09_119,,[2.0373716270181537],[nan],[1.4017668304162179],[nan],,
Subject_09_120,,[1.9541618202740518],[nan],[1.283841689360238],[nan],,
Subject_09_121,,[1.9144806456433767],[nan],[1.3116457870953508],[nan],,
Subject_09_122,,[1.889314176450642],[nan],[nan],[nan],,
Subject_09_123,,[1.8343057239084197],[nan],[nan],[nan],,
Subject_09_124,,[1.8765758074936914],[nan],[nan],[nan],,
Subject_09_125,,[1.648889937614834],[nan],[nan],[nan],,
Subject_09_126,,[1.6748808705501201],[nan],[nan],[nan],,
Subject_09_127,,[1.6194797192388317],[nan],[nan],[nan],,
Subject_09_128,,[nan],[nan],[nan],[nan],,
Subject_10_019,,[nan],[nan],[nan],[nan],,
Subject_10_020,,[1.3397408000389426],[nan],[nan],[nan],,
Subject_10_021,,[1.511970644166393],[nan],[nan],[nan],,
Subject_10_022,,[1.5871443067831796],[1.388603588557529],[nan],[nan],,
Subject_10_023,,[1.5566209454132833],[1.4800752690561119],[nan],[nan],,
Subject_10_024,,[1.5410709250443808],[1.498683717206054],[nan],[nan],,
Subject_10_025,,[1.4818019454616487],[1.4516649234304235],[nan],[nan],,
Subject_10_026,,[1.5156880465961156],[1.31496983631487],[nan],[nan],,
Subject_10_027,,[1.6036421282619167],[1.348364459107418],[nan],[nan],,
Subject_10_028,,[1.5711262386810103],[1.3617344786240473],[nan],[nan],,
Subject_10_029,,[1.5146994547154566],[1.4482039470036268],[nan],[nan],,
Subject_10_030,,[1.5167344129235698],[1.5087382945488736],[nan],[nan],,
Subject_10_031,,[1.6078436089839412],[1.5216819379550965],[nan],[nan],,
Subject_10_032,,[1.6922741370706222],[1.582293922128652],[nan],[nan],,
Subject_10_033,,[1.7535846334453662],[1.6846192474051263],[nan],[nan],,
Subject_10_034,,[1.7853120546716028],[1.7823452735468333],[nan],[nan],,
Subject_10_035,,[1.7986969063332408],[1.9111784487946601],[nan],[nan],,
Subject_10_036,,[1.858797239861161],[1.9196369931590718],[nan],[nan],,
Subject_10_037,,[1.8041995782442128],[2.007967372402648],[nan],[nan],,
Subject_10_038,,[1.9385605312654446],[1.9825683382904575],[nan],[nan],,
Subject_10_039,,[1.8801704669316979],[2.051208639864441],[nan],[nan],,
Subject_10_040,,[1.9519437466263712],[2.043052296246719],[nan],[nan],,
Subject_10_041,,[2.089737443233538],[2.0047766233342648],[nan],[nan],,
Subject_10_042,,[2.146644708150593],[2.1523698878468256],[nan],[2.1839733599950986],,
Subject_10_043,,[2.1083485314217],[2.129367929505197],[nan],[2.098199663370708],,
Subject_10_044,,[2.148238313317664],[2.266403741895694],[nan],[2.327492087430652],,
Subject_10_045,,[2.203839949375687],[2.1963607391363973],[nan],[2.3195700788561577],,
Subject_10_046,,[2.1700294812240033],[2.4274158250255833],[nan],[2.3881523894451604],,
Subject_10_047,,[2.115653720296824],[2.440474509509631],[nan],[2.3589416203228426],,
Subject_10_048,,[2.232302594569404],[2.4180330387908255],[nan],[2.461903459907379],,
Subject_10_049,,[2.203755756741779],[2.466324444705548],[nan],[2.6155445835067526],,
Subject_10_050,,[2.2549880527232182],[2.485709870474693],[nan],[2.4196222198884594],,
Subject_10_051,,[2.291858386379938],[2.5666752588665287],[nan],[2.520237641534355],,
Subject_10_052,,[2.2456575305434847],[2.6365380191614363],[nan],[2.691585540275124],,
Subject_10_053,,[2.264702004567625],[2.601628351357955],[nan],[2.419093089866782],,
Subject_10_054,,[2.26865699001697],[2.580105135757016],[nan],[2.387188031527693],,
Subject_10_055,,[2.2424512788651785],[2.6734863782997182],[nan],[2.4583555465832023],,
Subject_10_056,,[2.1756082175577003],[2.6072080594077196],[nan],[2.4612227836332172],,
Subject_10_057,,[2.106526820419664],[2.6553791350177884],[nan],[2.4909198077105636],,
Subject_10_058,,[2.181397599480956],[2.5394685591912993],[nan],[2.506602619682403],,
Subject_10_059,,[2.201304314486796],[2.442945903022118],[nan],[2.4870765694788957],,
Subject_10_060,,[1.997063907654944],[2.4078017655108384],[nan],[2.4867006846516695],,
Subject_10_061,,[2.1278855706503683],[2.2642171550254946],[nan],[2.648926332642203],,
Subject_10_062,,[2.035596904771982],[2.261862372535317],[nan],[2.684672213396504],,
Subject_10_063,,[2.2187517637112597],[2.0162853255686377],[nan],[2.633100991498905],,
Subject_10_064,,[2.28904823965944],[1.785453777165983],[nan],[2.730058143776515],,
Subject_10_065,,[2.2653929270127513],[nan],[nan],[2.6366429353165075],,
Subject_10_066,,[2.2193271309295257],[nan],[nan],[2.807775464524094],,
Subject_10_067,,[2.2922665461829657],[nan],[nan],[2.4731204902541744],,
Subject_10_068,,[2.4242092364208387],[nan],[nan],[2.5575208821076134],,
Subject_10_069,,[2.543904291283663],[nan],[nan],[2.649032397809097],,
Subject_10_070,,[2.650293235156321],[nan],[nan],[2.6610190086720116],,
Subject_10_071,,[2.604178419404308],[nan],[nan],[2.6218609829239203],,
Subject_10_072,,[2.5912662573081087],[nan],[nan],[2.42666612038368],,
Subject_10_073,,[2.7064055147566792],[nan],[nan],[2.444904624177522],,
Subject_10_074,,[2.820806100651507],[nan],[nan],[2.4002425964276464],,
Subject_10_075,,[2.695202654962378],[nan],[nan],[2.4604348134481766],,
Subject_10_076,,[2.678265288898514],[nan],[nan],[2.4320607576915294],,
Subject_10_077,,[2.5336354682296975],[nan],[nan],[2.500215921190818],,
Subject_10_078,,[2.534106297707682],[nan],[nan],[2.3836116937647716],,
Subject_10_079,,[2.5479634740121013],[nan],[nan],[2.3365473299575745],,
Subject_10_080,,[2.35980137257765],[nan],[nan],[2.2976224070574136],,
Subject_10_081,,[2.347147581287631],[nan],[nan],[2.2740248849790814],,
Subject_10_082,,[2.3539011206674085],[nan],[nan],[2.200345962984694],,
Subject_10_083,,[2.180476733132347],[nan],[nan],[2.0969440943167483],,
Subject_10_084,,[2.4455284153356227],[nan],[nan],[2.128104905001526],,
Subject_10_085,,[2.3452357183335244],[nan],[nan],[2.116290923296806],,
Subject_10_086,,[2.405250711098896],[nan],[nan],[2.2057671527261054],,
Subject_10_087,,[2.4053136347844486],[nan],[nan],[2.218996745894536],,
Subject_10_088,,[2.478272419523408],[nan],[nan],[2.0370845990149054],,
Subject_10_089,,[2.4158677548046508],[nan],[nan],[2.1540636609350976],,
Subject_10_090,,[2.1809706984258113],[nan],[nan],[2.308093712635537],,
Subject_10_091,,[2.258807908362395],[nan],[nan],[2.2097267013462742],,
Subject_10_092,,[1.9861264184560643],[nan],[1.7357366076509946],[2.243559973654004],,
Subject_10_093,,[1.999964542128794],[nan],[2.217819221765706],[2.3299123653163085],,
Subject_10_094,,[2.1254488101015783],[nan],[2.0420407247791057],[2.4245461390480068],,
Subject_10_095,,[2.1676023051078666],[nan],[1.9560064631455265],[2.511457026974126],,
Subject_10_096,,[2.1392756601438703],[nan],[2.0399130711216946],[2.556347149982593],,
Subject_10_097,,[2.136195093662878],[nan],[2.0311737479799974],[2.8335055826837836],,
Subject_10_098,,[2.048983997010033],[nan],[2.008419780602517],[2.7393921379901522],,
Subject_10_099,,[1.9674134922989976],[nan],[2.0847319076028357],[2.7169767549081847],,
Subject_10_100,,[2.0256643496671045],[nan],[2.0634053053623584],[2.6121278106251156],,
Subject_10_101,,[1.9074004671041198],[nan],[2.113143779400659],[2.8588960464531663],,
Subject_10_102,,[1.833144559072035],[nan],[2.039316797319431],[2.82322679543935],,
Subject_10_103,,[1.8232436486806998],[nan],[2.047397802639686],[2.6691856273494254],,
Subject_10_104,,[1.9112488066183762],[nan],[2.0497912268894876],[2.6983361823087426],,
Subject_10_105,,[1.944516714723729],[nan],[1.9876406338371033],[2.5874522845349444],,
Subject_10_106,,[1.851159184835655],[nan],[1.9108997371721999],[2.1579440997431982],,
Subject_10_107,,[1.8977359022984293],[nan],[1.9476543905383357],[1.9629595360280034],,
Subject_10_108,,[1.8192367387138588],[nan],[1.8364609873148645],[nan],,
Subject_10_109,,[1.785619340223736],[nan],[1.7950262887160804],[nan],,
Subject_10_110,,[1.8520513521900037],[nan],[1.7083133936485821],[nan],,
Subject_10_111,,[1.824832871752967],[nan],[1.548354987463394],[nan],,
Subject_10_112,,[1.7891287268150389],[nan],[1.5376625403836905],[nan],,
Subject_10_113,,[1.77917207051955],[nan],[1.5282171426506976],[nan],,
Subject_10_114,,[1.7103372229921936],[nan],[1.504108684737644],[nan],,
Subject_10_115,,[1.7123671970808312],[nan],[1.4110247111845902],[nan],,
Subject_10_116,,[1.6495518357662453],[nan],[1.5185022268636401],[nan],,
Subject_10_117,,[1.6643906169164373],[nan],[1.4192370929905938],[nan],,
Subject_10_118,,[1.6752694262646317],[nan],[1.5049221649324571],[nan],,
Subject_10_119,,[1.624076339767405],[nan],[1.4647719008878244],[nan],,
Subject_10_120,,[1.6693470230822856],[nan],[1.390597698441689],[nan],,
Subject_10_121,,[1.6868823468223049],[nan],[1.4844571582934043],[nan],,
Subject_10_122,,[1.6661409448675562],[nan],[1.4616303050549513],[nan],,
Subject_10_123,,[1.6283952218486475],[nan],[1.5212244373450854],[nan],,
Subject_10_124,,[1.7351147991315767],[nan],[1.546471035928931],[nan],,
Subject_10_125,,[1.6606023359039497],[nan],[1.5292815264355584],[nan],,
Subject_10_126,,[1.6770036326321933],[nan],[1.6226417940810298],[nan],,
Subject_10_127,,[1.6842285814133886],[nan],[1.5790230675285566],[nan],,
Subject_10_128,,[1.6438286548784051],[nan],[1.5430258791674871],[nan],,
Subject_10_129,,[1.5156258142324976],[nan],[1.6052264210137381],[nan],,
Subject_10_130,,[1.597077984294605],[nan],[1.6132474757822788],[nan],,
Subject_10_131,,[1.5981917397070298],[nan],[1.6087352742522196],[nan],,
Subject_10_132,,[1.5535070661745696],[nan],[1.5935274338831458],[nan],,
Subject_10_133,,[1.6964998370134428],[nan],[1.4644135881538554],[nan],,
Subject_10_134,,[1.591869722622245],[nan],[1.5777005580905412],[nan],,
Subject_10_135,,[1.563955694835541],[nan],[nan],[nan],,
Subject_10_136,,[1.5269941085049812],[nan],[nan],[nan],,
Subject_10_137,,[nan],[nan],[nan],[nan],,
Subject_10_138,,[nan],[nan],[nan],[nan],,
Subject_11_018,,[1.4984077880318492],[nan],[nan],[nan],,
Subject_11_019,,[1.4260189255181064],[1.7860283068168394],[nan],[nan],,
Subject_11_020,,[1.3757057007633362],[1.6189474113161788],[nan],[nan],,
Subject_11_021,,[1.3582368958083921],[1.5233076664736498],[nan],[nan],,
Subject_11_022,,[1.2663814830546016],[1.4539662299841585],[nan],[nan],,
Subject_11_023,,[1.2843871758267038],[1.5486353836458355],[nan],[nan],,
Subject_11_024,,[1.300568739789015],[1.4736508128885633],[nan],[nan],,
Subject_11_025,,[1.4757679633903436],[1.4665364546687314],[nan],[nan],,
Subject_11_026,,[1.4658323588045588],[1.4944742768727808],[nan],[nan],,
Subject_11_027,,[1.4019132238313394],[1.4760647720549145],[nan],[nan],,
Subject_11_028,,[1.4455759002509412],[1.517449765663931],[nan],[nan],,
Subject_11_029,,[1.4447229618418895],[1.5427301375698899],[nan],[nan],,
Subject_11_030,,[1.4161052861308576],[1.5709531062619642],[nan],[nan],,
Subject_11_031,,[1.4933625953954652],[1.5636699536309953],[nan],[nan],,
Subject_11_032,,[1.5166053684014222],[1.6502229601145284],[nan],[nan],,
Subject_11_033,,[1.6075462013086583],[1.6416836617106696],[nan],[nan],,
Subject_11_034,,[1.5868397852544238],[1.6673852594400904],[nan],[nan],,
Subject_11_035,,[1.5115387879310964],[1.6044794012506318],[nan],[nan],,
Subject_11_036,,[1.556374046469356],[1.7335833977780688],[nan],[nan],,
Subject_11_037,,[1.6159324290463595],[1.7145843743260416],[nan],[nan],,
Subject_11_038,,[1.7075934935299963],[1.698548607274778],[nan],[nan],,
Subject_11_039,,[1.8932961801515273],[1.7533343408215458],[nan],[nan],,
Subject_11_040,,[1.7116876904605038],[1.7174380280976598],[nan],[nan],,
Subject_11_041,,[1.7556482432029321],[1.675371384512543],[nan],[nan],,
Subject_11_042,,[1.7201710328494475],[1.6787911180697899],[nan],[nan],,
Subject_11_043,,[1.7718445530382678],[1.7825624193646485],[nan],[nan],,
Subject_11_044,,[1.7470239852387754],[1.8234706633043998],[nan],[nan],,
Subject_11_045,,[1.7911246642821936],[1.7153424002573094],[nan],[1.3986309546479736],,
Subject_11_046,,[1.9501227368342786],[1.4938925715784004],[nan],[1.91250750533953],,
Subject_11_047,,[1.9659404417322237],[1.7146331024364854],[nan],[1.85099381490299],,
Subject_11_048,,[2.0177070616061035],[1.610992496906858],[nan],[1.934319787819947],,
Subject_11_049,,[1.9230509311169977],[1.614123893739245],[nan],[1.9662729538830293],,
Subject_11_050,,[2.007583587275942],[1.9236354056609828],[nan],[1.8262614225353029],,
Subject_11_051,,[1.988427637171039],[1.5487816428486965],[nan],[1.859695079567253],,
Subject_11_052,,[1.9076034177469223],[1.7511002150909047],[nan],[1.851146742868653],,
Subject_11_053,,[1.9192758685594293],[1.7963109380607236],[nan],[2.40125950564638],,
Subject_11_054,,[1.963455850852229],[1.6097206259613606],[nan],[2.432974622390346],,
Subject_11_055,,[2.041672670176296],[1.6149162809461461],[nan],[2.324501304739404],,
Subject_11_056,,[2.137635787104391],[1.6272765561853808],[nan],[2.1097917115549505],,
Subject_11_057,,[2.034782392908743],[1.3804982451281373],[nan],[2.0922869163330367],,
Subject_11_058,,[2.0802500559909833],[1.3911916117206806],[nan],[2.6355877809488035],,
Subject_11_059,,[2.108185145482583],[1.5297621732734796],[nan],[2.4425828047038083],,
Subject_11_060,,[2.0608974940604163],[1.6674669710360792],[nan],[2.3960550050230514],,
Subject_11_061,,[2.0342193901128454],[1.5273368138588634],[nan],[2.400538526035562],,
Subject_11_062,,[2.0693330473746254],[1.6643308011344964],[nan],[2.2191587389187664],,
Subject_11_063,,[1.9629181101600826],[1.6082481602804424],[nan],[2.349830931085899],,
Subject_11_064,,[2.044815510233983],[1.7634027221498902],[nan],[2.519284932352556],,
Subject_11_065,,[1.9239438310927957],[1.6560540709823355],[nan],[2.5627696326845357],,
Subject_11_066,,[1.8764025756410878],[1.405560546203813],[nan],[2.555829434658074],,
Subject_11_067,,[2.1338242434702517],[1.378556931618549],[nan],[2.3472647083912173],,
Subject_11_068,,[2.140874878737395],[1.441469415978797],[nan],[2.3259130123165743],,
Subject_11_069,,[2.10295065755743],[nan],[nan],[2.362427792646942],,
Subject_11_070,,[2.0531982527886816],[nan],[nan],[2.2602614111479005],,
Subject_11_071,,[2.100690592032844],[nan],[nan],[2.1463866693065774],,
Subject_11_072,,[2.2486340382911263],[nan],[nan],[2.1110283866759807],,
Subject_11_073,,[2.1913926482294555],[nan],[nan],[2.3360492097182317],,
Subject_11_074,,[2.312852266198608],[nan],[nan],[2.279209833825904],,
Subject_11_075,,[2.140909667870768],[nan],[nan],[2.443604522372559],,
Subject_11_076,,[2.164802058656402],[nan],[nan],[2.4976976707594116],,
Subject_11_077,,[2.2898871043665183],[nan],[nan],[2.459044237892858],,
Subject_11_078,,[2.331803275742371],[nan],[nan],[2.421539117539339],,
Subject_11_079,,[2.1056542680328705],[nan],[nan],[2.001721888788299],,
Subject_11_080,,[2.095536461663264],[nan],[nan],[2.063907483726996],,
Subject_11_081,,[2.1324600740256905],[nan],[nan],[1.988999103030185],,
Subject_11_082,,[2.0800653736520522],[nan],[nan],[1.9237704277230656],,
Subject_11_083,,[2.33723986202043],[nan],[nan],[2.000793532848616],,
Subject_11_084,,[2.354471854155452],[nan],[nan],[2.052104536320727],,
Subject_11_085,,[2.1705117496465425],[nan],[nan],[2.263100764061508],,
Subject_11_086,,[2.353787286897281],[nan],[nan],[1.8482303250450773],,
Subject_11_087,,[2.5322745865809533],[nan],[1.9617624382187269],[1.8515068508247214],,
Subject_11_088,,[2.44033461801974],[nan],[2.0905591049552683],[1.6900260322956606],,
Subject_11_089,,[2.5196597874814457],[nan],[1.9477182500474208],[1.798572028501226],,
Subject_11_090,,[2.4623947359836458],[nan],[2.086857737347922],[1.7345498630143783],,
Subject_11_091,,[2.5165540946268483],[nan],[2.5008643506133263],[1.9179152091985718],,
Subject_11_092,,[2.5366657732903732],[nan],[2.4878667452669263],[1.8680447086560097],,
Subject_11_093,,[2.317320465288521],[nan],[2.344579878295965],[2.2364418990991397],,
Subject_11_094,,[2.277547702248854],[nan],[2.3728064463380747],[2.2629977365183147],,
Subject_11_095,,[2.2988038356671634],[nan],[2.390080009734289],[1.9713566836646128],,
Subject_11_096,,[2.182963048703633],[nan],[2.3372640818538692],[2.1099649401941463],,
Subject_11_097,,[2.38429214262019],[nan],[2.6112479588306043],[1.8964810346592211],,
Subject_11_098,,[2.273080732429225],[nan],[2.5674931417129034],[2.285674475464149],,
Subject_11_099,,[2.031143098071337],[nan],[2.4591617416037503],[2.219875856627811],,
Subject_11_100,,[2.10219944052058],[nan],[2.3920972663849582],[2.4953046404995343],,
Subject_11_101,,[2.189009224388531],[nan],[2.044163842517424],[2.6049929519631316],,
Subject_11_102,,[2.061378939907161],[nan],[1.844723588779479],[2.3024024856412995],,
Subject_11_103,,[2.111648691711666],[nan],[1.8141743195732134],[1.6209306165297839],,
Subject_11_104,,[2.064803288540845],[nan],[1.717740517994906],[1.5431283361087935],,
Subject_11_105,,[2.0843181886909163],[nan],[1.630297868129926],[1.9744555844845475],,
Subject_11_106,,[1.9463479151748642],[nan],[1.6730801956103254],[1.834413812844158],,
Subject_11_107,,[1.8349653311264473],[nan],[1.6020677526067066],[1.694913773902131],,
Subject_11_108,,[1.7684892486341957],[nan],[1.6501495866965132],[1.879354459594925],,
Subject_11_109,,[1.6146693401895609],[nan],[1.668075232155526],[nan],,
Subject_11_110,,[1.6068076879250877],[nan],[1.6994094448065211],[nan],,
Subject_11_111,,[1.7151586037740019],[nan],[1.7112165518251259],[nan],,
Subject_11_112,,[1.6883232337245688],[nan],[1.5452279948622958],[nan],,
Subject_11_113,,[1.7086080756978284],[nan],[1.7961770883066612],[nan],,
Subject_11_114,,[1.740101542108269],[nan],[1.6406770948899247],[nan],,
Subject_11_115,,[1.6994225932877003],[nan],[1.634657218740861],[nan],,
Subject_11_116,,[1.6096209187765236],[nan],[1.563373139186643],[nan],,
Subject_11_117,,[1.6203899894630511],[nan],[1.6091283817954882],[nan],,
Subject_11_118,,[1.5816543767141749],[nan],[1.5886176906082177],[nan],,
Subject_11_119,,[1.62301534403864],[nan],[1.6289590470236162],[nan],,
Subject_11_120,,[1.69898736006822],[nan],[1.5641609512623564],[nan],,
Subject_11_121,,[1.667541487667344],[nan],[1.5634540727657844],[nan],,
Subject_11_122,,[1.5952455870373992],[nan],[1.5451091448319783],[nan],,
Subject_11_123,,[1.6555017974144637],[nan],[1.5177160540558117],[nan],,
Subject_11_124,,[1.6488687332410732],[nan],[1.5448108339312323],[nan],,
Subject_11_125,,[1.6691948215209842],[nan],[1.4356668739926814],[nan],,
Subject_11_126,,[1.6112456788922294],[nan],[1.327566496808413],[nan],,
Subject_11_127,,[1.5971863560072335],[nan],[1.1392778115380562],[nan],,
Subject_11_128,,[1.5817585841109822],[nan],[1.4181988947611297],[nan],,
Subject_11_129,,[1.3652351627739774],[nan],[1.438729113489025],[nan],,
Subject_11_130,,[1.4378928939604445],[nan],[1.4875846194501354],[nan],,
Subject_11_131,,[1.450497617436771],[nan],[1.208320704183287],[nan],,
Subject_11_132,,[1.2822094610610504],[nan],[1.4548317488167843],[nan],,
Subject_11_133,,[1.422419080915884],[nan],[1.467728817253358],[nan],,
Subject_11_134,,[1.4378993573072947],[nan],[1.4319236287456274],[nan],,
Subject_11_135,,[1.376918680753899],[nan],[1.4970012492353377],[nan],,
Subject_11_136,,[1.3761472492795936],[nan],[1.4441758020955664],[nan],,
Subject_11_137,,[1.3326625731458195],[nan],[nan],[nan],,
Subject_11_138,,[1.3968635606092739],[nan],[nan],[nan],,
Subject_11_139,,[1.5528181055030983],[nan],[nan],[nan],,
Subject_11_140,,[1.5317483925041704],[nan],[nan],[nan],,
Subject_11_141,,[1.615005898238522],[nan],[nan],[nan],,
Subject_12_023,,[1.541726739012094],[nan],[nan],[nan],,
Subject_12_024,,[1.6575057761055652],[nan],[nan],[nan],,
Subject_12_025,,[1.7829858235149738],[nan],[nan],[nan],,
Subject_12_026,,[1.794916210144056],[nan],[nan],[nan],,
Subject_12_027,,[1.7554635934008134],[nan],[nan],[nan],,
Subject_12_028,,[1.8054947384595303],[nan],[nan],[nan],,
Subject_12_029,,[1.7497930031085074],[nan],[nan],[nan],,
Subject_12_030,,[1.757687332724611],[nan],[1.4088154543908942],[nan],,
Subject_12_031,,[1.775828908687357],[nan],[1.345485610575241],[nan],,
Subject_12_032,,[1.7577194084201393],[nan],[1.300393756030908],[nan],,
Subject_12_033,,[1.6822232384733076],[nan],[1.4561051708937782],[nan],,
Subject_12_034,,[1.6336874940320605],[nan],[1.5513871215072579],[nan],,
Subject_12_035,,[1.655216132664519],[nan],[1.5852442012894228],[nan],,
Subject_12_036,,[1.5688160563226832],[nan],[1.6756048039209124],[nan],,
Subject_12_037,,[1.6136671446163646],[nan],[1.5658570625717378],[nan],,
Subject_12_038,,[1.5711937848098463],[nan],[1.5513252043625214],[nan],,
Subject_12_039,,[1.592463880897877],[nan],[1.3918547610123129],[nan],,
Subject_12_040,,[1.6553804976176594],[nan],[1.409015028900264],[nan],,
Subject_12_041,,[1.6481681127604368],[nan],[1.4402857629604613],[nan],,
Subject_12_042,,[1.6668579554803058],[nan],[1.382726970594211],[nan],,
Subject_12_043,,[1.6959044211188357],[nan],[1.3651419919683125],[nan],,
Subject_12_044,,[1.7536049600129047],[nan],[1.4376914572503607],[nan],,
Subject_12_045,,[1.7872599956082238],[nan],[1.3525891307725981],[nan],,
Subject_12_046,,[1.7729064628783207],[nan],[1.392575892229672],[nan],,
Subject_12_047,,[1.7811600806465164],[nan],[1.4243998680268444],[nan],,
Subject_12_048,,[1.7424548161409013],[nan],[1.5106051082075613],[nan],,
Subject_12_049,,[1.8702112690885921],[nan],[1.474395400798997],[nan],,
Subject_12_050,,[1.7903658750673508],[nan],[1.6223115093704314],[nan],,
Subject_12_051,,[1.9230646234288162],[nan],[1.5518984247634964],[nan],,
Subject_12_052,,[1.8279271114721036],[nan],[1.6033203386711372],[nan],,
Subject_12_053,,[1.9157439879728284],[nan],[1.5551449716575192],[nan],,
Subject_12_054,,[1.9369494442626856],[nan],[1.5157618604923517],[nan],,
Subject_12_055,,[1.9675574274020893],[nan],[1.5325161000219372],[nan],,
Subject_12_056,,[2.0338658220770025],[nan],[1.5259458425508612],[1.8626187525518596],,
Subject_12_057,,[2.198557563648239],[nan],[1.8981134317153943],[2.188587094213089],,
Subject_12_058,,[2.250352990211494],[nan],[2.042382527234774],[2.6316994319992046],,
Subject_12_059,,[2.0030301129435903],[nan],[2.183705961573282],[2.290513979436929],,
Subject_12_060,,[2.0388967693277182],[nan],[2.2934664630052195],[2.180723138093635],,
Subject_12_061,,[2.0881057686384565],[nan],[2.3483428665686774],[2.3582706424872835],,
Subject_12_062,,[2.103176369367953],[nan],[2.3320282035361806],[2.3168893846477663],,
Subject_12_063,,[2.0232883874179017],[nan],[2.222247771728634],[2.4346186656583733],,
Subject_12_064,,[1.9852605084471076],[nan],[nan],[2.493301514298556],,
Subject_12_065,,[2.018735099768922],[nan],[nan],[2.4423299692223406],,
Subject_12_066,,[2.1247662350815992],[nan],[nan],[2.322483316621534],,
Subject_12_067,,[2.1315134712447192],[nan],[nan],[2.6006189881406767],,
Subject_12_068,,[2.167645165999901],[nan],[nan],[2.4115896943781987],,
Subject_12_069,,[2.166690549871434],[nan],[nan],[2.200872672542713],,
Subject_12_070,,[2.2531848587078507],[nan],[nan],[2.1076699514668897],,
Subject_12_071,,[2.2018293002875016],[nan],[nan],[2.084625753290798],,
Subject_12_072,,[2.1179305977903398],[nan],[nan],[2.1259283762346555],,
Subject_12_073,,[2.084145680413943],[nan],[nan],[1.8926539498081747],,
Subject_12_074,,[2.0070317838304925],[nan],[nan],[1.7743697930473128],,
Subject_12_075,,[2.0004240823689337],[nan],[nan],[1.685567582169279],,
Subject_12_076,,[1.8968624864713541],[nan],[nan],[1.6635382213699312],,
Subject_12_077,,[1.9728003625783612],[nan],[nan],[1.6776215367524676],,
Subject_12_078,,[1.9957400441935416],[nan],[nan],[1.6060502884899732],,
Subject_12_079,,[1.8398277155976457],[nan],[nan],[1.6032153408587304],,
Subject_12_080,,[1.9278317171715074],[nan],[nan],[1.5748593861362354],,
Subject_12_081,,[1.9018654234737185],[nan],[nan],[1.5419923836527742],,
Subject_12_082,,[1.942257713903204],[nan],[nan],[1.5272473622409646],,
Subject_12_083,,[1.91482672008143],[nan],[nan],[1.4515474537596358],,
Subject_12_084,,[1.8842104433279534],[nan],[nan],[1.3664864596796213],,
Subject_12_085,,[1.8433452394432905],[nan],[nan],[1.4942984223066722],,
Subject_12_086,,[1.9067399585789586],[nan],[nan],[1.4977240315983253],,
Subject_12_087,,[1.9117378428982204],[nan],[nan],[1.480608965503279],,
Subject_12_088,,[1.7978920867470876],[nan],[nan],[1.5506449628645802],,
Subject_12_089,,[1.8416008747288262],[nan],[nan],[1.3918025540442147],,
Subject_12_090,,[1.9151866726890687],[nan],[nan],[1.4547902084919706],,
Subject_12_091,,[1.8452803986661497],[1.3790570295043232],[nan],[1.5206938786306952],,
Subject_12_092,,[1.8691487868182555],[1.3831854206045193],[nan],[1.554617040997421],,
Subject_12_093,,[1.9222140436198822],[1.4828632014635048],[nan],[1.5693402811952595],,
Subject_12_094,,[1.9477794424425896],[1.518633990857947],[nan],[1.4729865526112387],,
Subject_12_095,,[1.9200622131443144],[1.7038512259689813],[nan],[1.4443037408443125],,
Subject_12_096,,[2.1082608277724475],[1.6454199881020029],[nan],[1.5412950729981596],,
Subject_12_097,,[2.1612709013864593],[1.7991598307984555],[nan],[1.540014181813204],,
Subject_12_098,,[2.1181391737352198],[1.8159331995036543],[nan],[1.5487811620970606],,
Subject_12_099,,[2.15283379651783],[1.9214553943497161],[nan],[1.558021075267551],,
Subject_12_100,,[2.1033676818853024],[1.8373469312539341],[nan],[1.4626094329802832],,
Subject_12_101,,[2.0224610620582033],[2.0231799653408977],[nan],[1.474476447610023],,
Subject_12_102,,[2.0181729200311587],[2.1553077962311398],[nan],[1.551251166328967],,
Subject_12_103,,[2.054342692714681],[2.2968404057361402],[nan],[1.6389448199486718],,
Subject_12_104,,[2.030612818785349],[2.121039399754723],[nan],[1.5818785052013529],,
Subject_12_105,,[2.0046898948683194],[2.0741025139323757],[nan],[1.5153298861283013],,
Subject_12_106,,[1.9878002600670155],[1.9273752930363934],[nan],[1.6496897295388102],,
Subject_12_107,,[2.0077053962165494],[1.8530358814447065],[nan],[1.6075983540793601],,
Subject_12_108,,[1.9439007447738927],[1.99534002298552],[nan],[1.6255445768731138],,
Subject_12_109,,[1.9716837924388517],[2.0083790138674065],[nan],[1.6417835169014463],,
Subject_12_110,,[1.998675849128047],[1.8694000822968204],[nan],[1.6543587014173262],,
Subject_12_111,,[2.0063551550065664],[1.8074902906867174],[nan],[1.5427562041868432],,
Subject_12_112,,[2.0240913771400053],[1.8895872445757087],[nan],[1.5346144634400394],,
Subject_12_113,,[1.9531867512383416],[1.807315285288854],[nan],[1.6679680614756223],,
Subject_12_114,,[2.0587012826640265],[1.71615938972125],[nan],[1.6610037825022423],,
Subject_12_115,,[2.037364277094203],[1.7636227152119208],[nan],[2.2507547521134166],,
Subject_12_116,,[2.0113225013994005],[1.7951317664601756],[nan],[1.9186520743479873],,
Subject_12_117,,[1.972012170954549],[1.9495752665240431],[nan],[2.3238950920074184],,
Subject_12_118,,[1.8758338564919528],[1.8020655446836362],[nan],[2.2527149083680413],,
Subject_12_119,,[1.8638064483377275],[1.806930231320487],[nan],[nan],,
Subject_12_120,,[1.8175545229546257],[1.751663226439769],[nan],[nan],,
Subject_12_121,,[1.8133697982608994],[1.7038754942410117],[nan],[nan],,
Subject_12_122,,[1.7852389280317082],[1.6827052947130616],[nan],[nan],,
Subject_12_123,,[1.7277267220169354],[1.6744898216313735],[nan],[nan],,
Subject_12_124,,[1.7470665338953884],[1.596359528576918],[nan],[nan],,
Subject_12_125,,[1.7763006800521122],[1.6208190196782604],[nan],[nan],,
Subject_12_126,,[1.771372532936252],[1.642540495765654],[nan],[nan],,
Subject_12_127,,[1.7747213190051234],[1.6421116720478077],[nan],[nan],,
Subject_12_128,,[1.734272666179465],[1.596385161452473],[nan],[nan],,
Subject_12_129,,[1.881738439519677],[1.4700081883481448],[nan],[nan],,
Subject_12_130,,[2.1860423154287854],[1.477203902872985],[nan],[nan],,
Subject_12_131,,[2.040011186967189],[1.5222547704306684],[nan],[nan],,
Subject_12_132,,[1.6555837021236748],[1.5525777285869091],[nan],[nan],,
Subject_12_133,,[nan],[1.6223214248728735],[nan],[nan],,
Subject_12_134,,[nan],[1.6130104770176543],[nan],[nan],,
Subject_12_135,,[nan],[1.78276623567832],[nan],[nan],,
Subject_12_136,,[nan],[1.5817744869043076],[nan],[nan],,
Subject_13_036,,[1.4907973108217214],[nan],[nan],[nan],,
Subject_13_037,,[1.5619622154431263],[nan],[nan],[nan],,
Subject_13_038,,[1.4524269243970118],[nan],[nan],[nan],,
Subject_13_039,,[1.5193044016729351],[nan],[nan],[nan],,
Subject_13_040,,[1.5170094280931958],[nan],[nan],[nan],,
Subject_13_041,,[1.495416440558476],[nan],[nan],[nan],,
Subject_13_042,,[1.521113262144691],[nan],[1.342705079130983],[nan],,
Subject_13_043,,[1.5147749300749873],[nan],[1.304942795874306],[nan],,
Subject_13_044,,[1.5492796286992336],[nan],[1.3486196411541755],[nan],,
Subject_13_045,,[1.4603977026088948],[nan],[1.3395907747894216],[nan],,
Subject_13_046,,[1.49928078619737],[nan],[1.4036354407377305],[nan],,
Subject_13_047,,[1.5747406546782152],[nan],[1.335326009715942],[nan],,
Subject_13_048,,[1.610737005911611],[nan],[1.493973916677773],[nan],,
Subject_13_049,,[1.6706168899867062],[nan],[1.460781208565709],[nan],,
Subject_13_050,,[1.6984372184574081],[nan],[1.5017418434566114],[nan],,
Subject_13_051,,[1.7415335030567907],[nan],[1.5450959422393218],[nan],,
Subject_13_052,,[1.7494851652439154],[nan],[1.5315084770596372],[nan],,
Subject_13_053,,[1.7872225765265164],[nan],[1.6893945904342458],[nan],,
Subject_13_054,,[1.790482356693943],[nan],[1.6560818378507451],[nan],,
Subject_13_055,,[1.8478740617681007],[nan],[1.7179158040264424],[nan],,
Subject_13_056,,[1.8855517151943377],[nan],[1.8507334220399345],[nan],,
Subject_13_057,,[1.9083922137054707],[nan],[1.7974121606263411],[nan],,
Subject_13_058,,[1.9063578031748785],[nan],[1.8530716534303115],[nan],,
Subject_13_059,,[1.9755484095403046],[nan],[1.8831624299014078],[nan],,
Subject_13_060,,[2.000951025225587],[nan],[2.054746758889973],[nan],,
Subject_13_061,,[2.068607095116825],[nan],[2.010844172556835],[nan],,
Subject_13_062,,[2.0377566330460275],[nan],[1.9893897205920583],[nan],,
Subject_13_063,,[1.9741386020212843],[nan],[2.031709716787276],[nan],,
Subject_13_064,,[2.0246090748822434],[nan],[2.0751405546029704],[1.5624127645458823],,
Subject_13_065,,[1.8464849175566433],[nan],[2.0647612839565306],[1.6828927802898113],,
Subject_13_066,,[1.98154536202317],[nan],[1.9150254757299359],[2.008756560866957],,
Subject_13_067,,[1.9427601940887014],[nan],[1.9514319217386527],[2.312285937627912],,
Subject_13_068,,[1.9837220508744517],[nan],[1.897737332334956],[2.5338467690620305],,
Subject_13_069,,[2.0821936795704254],[nan],[2.040003048642409],[2.505500830534637],,
Subject_13_070,,[2.1549265179446078],[nan],[2.0269132010399318],[2.9395459415579],,
Subject_13_071,,[2.184000218157423],[nan],[2.1990888644961464],[2.873955968761458],,
Subject_13_072,,[2.2261704595080585],[nan],[2.1643849625000176],[2.645521742013553],,
Subject_13_073,,[2.2318243046140838],[nan],[2.191736960303108],[2.513241950659293],,
Subject_13_074,,[2.0799943267078014],[nan],[2.22470041972899],[2.2007607792603103],,
Subject_13_075,,[1.9972225308212466],[nan],[2.199961439489324],[2.1209873463800357],,
Subject_13_076,,[2.074261059034067],[nan],[2.2517934138542928],[2.1718795821737413],,
Subject_13_077,,[2.062519300880457],[nan],[2.070885286845086],[2.073608249744865],,
Subject_13_078,,[2.231894811304943],[nan],[2.0389327984093155],[2.118362437534654],,
Subject_13_079,,[2.282286867230621],[nan],[2.0429981376535604],[2.0796483349765063],,
Subject_13_080,,[2.225334213132685],[nan],[2.189778487520129],[2.247652161387504],,
Subject_13_081,,[2.1594152958251733],[nan],[1.997865335489713],[2.350754800940551],,
Subject_13_082,,[2.2407029927685316],[nan],[1.769683940179051],[2.318000077966525],,
Subject_13_083,,[2.394993181649237],[nan],[1.7438907824579575],[2.277598953789201],,
Subject_13_084,,[2.3851723851387736],[nan],[1.8929558379103246],[2.2654272606696138],,
Subject_13_085,,[2.311596438507826],[nan],[1.843109306937591],[2.3314505003504795],,
Subject_13_086,,[2.2330127457981472],[nan],[nan],[2.3333750733919003],,
Subject_13_087,,[2.256834110249835],[nan],[nan],[2.2075045989791646],,
Subject_13_088,,[2.2377571806156484],[nan],[nan],[2.3402201772196185],,
Subject_13_089,,[2.4097891352165046],[nan],[nan],[2.675193269573346],,
Subject_13_090,,[2.3252344807816985],[nan],[nan],[2.6085337146603074],,
Subject_13_091,,[2.2114566782493794],[nan],[nan],[2.6828291979009755],,
Subject_13_092,,[2.336332704980884],[nan],[nan],[2.4779468525886443],,
Subject_13_093,,[2.25455243652002],[nan],[nan],[2.4789406658603172],,
Subject_13_094,,[2.362258371039402],[nan],[nan],[2.4642090801026213],,
Subject_13_095,,[2.4383503825367354],[nan],[nan],[2.3737212878116187],,
Subject_13_096,,[2.5123330802893187],[nan],[nan],[2.5052784442454654],,
Subject_13_097,,[2.4265252585336],[nan],[nan],[2.4386686988872985],,
Subject_13_098,,[2.443269826319374],[nan],[nan],[2.468686646285669],,
Subject_13_099,,[2.4971157958006636],[nan],[nan],[2.3146129030026006],,
Subject_13_100,,[2.4653938456005187],[nan],[nan],[2.3143099536548255],,
Subject_13_101,,[2.264039862510128],[nan],[nan],[2.161268893686145],,
Subject_13_102,,[2.324384258601047],[1.3384157723083507],[nan],[2.181261880577441],,
Subject_13_103,,[2.214860209176672],[1.37904606138036],[nan],[2.2181782790331304],,
Subject_13_104,,[2.20131234332531],[1.5782232580301525],[nan],[2.2524672357130404],,
Subject_13_105,,[2.2601301285366175],[2.00866136726287],[nan],[2.1292658636508643],,
Subject_13_106,,[2.1560690624324446],[2.039605653995333],[nan],[2.3204253626205973],,
Subject_13_107,,[2.1429439313222827],[2.1462799310405063],[nan],[2.3271995723662062],,
Subject_13_108,,[2.260739047857823],[2.105089506911903],[nan],[2.2883774261949505],,
Subject_13_109,,[2.2959473217603366],[2.1299110648341983],[nan],[2.155456580094096],,
Subject_13_110,,[2.3424572291702632],[2.324414205051616],[nan],[2.1319542672415763],,
Subject_13_111,,[2.2565266517505687],[2.411964545238731],[nan],[2.403552294768346],,
Subject_13_112,,[2.2490351633040273],[2.3809995121402046],[nan],[2.2034098999702945],,
Subject_13_113,,[2.3658401039736625],[2.071706445505335],[nan],[2.1557229957776767],,
Subject_13_114,,[2.2555321099086316],[2.1279223435874712],[nan],[2.247928199132219],,
Subject_13_115,,[2.3448489179403436],[2.234268672416899],[nan],[2.221528577070352],,
Subject_13_116,,[2.405910152762094],[2.1760713487215404],[nan],[2.2534338932555458],,
Subject_13_117,,[2.38109424362535],[2.122914966071902],[nan],[2.0498832031048777],,
Subject_13_118,,[2.330164506116657],[2.054628703634571],[nan],[2.047677631638551],,
Subject_13_119,,[2.304819552669009],[2.1312519662318223],[nan],[2.072547806595743],,
Subject_13_120,,[2.2946037787059756],[2.112927411114555],[nan],[1.986918440647685],,
Subject_13_121,,[2.277394046794228],[2.2488617749722954],[nan],[2.0378816049497877],,
Subject_13_122,,[2.275141965441487],[2.1566955423907683],[nan],[1.9941997412731078],,
Subject_13_123,,[2.2232203881404],[2.156935694756877],[nan],[1.6540420460278766],,
Subject_13_124,,[2.190246140387256],[2.04014796799498],[nan],[nan],,
Subject_13_125,,[2.2046236387100238],[2.126447315722085],[nan],[nan],,
Subject_13_126,,[2.0374046739516793],[2.2001046575865826],[nan],[nan],,
Subject_13_127,,[2.0044586493825576],[2.2457369933690603],[nan],[nan],,
Subject_13_128,,[1.9781073868345815],[2.2286474217129957],[nan],[nan],,
Subject_13_129,,[1.941140383332911],[2.2951549574803396],[nan],[nan],,
Subject_13_130,,[1.914064242300851],[2.2741967731757384],[nan],[nan],,
Subject_13_131,,[1.8206724598987363],[2.256295709750291],[nan],[nan],,
Subject_13_132,,[1.7166999972761676],[2.313326870241226],[nan],[nan],,
Subject_13_133,,[1.567425779950978],[2.3294870558533147],[nan],[nan],,
Subject_13_134,,[1.5514705853187787],[2.196454040681098],[nan],[nan],,
Subject_13_135,,[1.484979706439527],[2.080364519214538],[nan],[nan],,
Subject_13_136,,[1.5837549676089802],[2.0195516816034145],[nan],[nan],,
Subject_13_137,,[1.4263727948089406],[1.9103595418657948],[nan],[nan],,
Subject_13_138,,[1.5426546125745726],[1.8326099985654474],[nan],[nan],,
Subject_13_139,,[1.3920206455683626],[1.6048156161372018],[nan],[nan],,
Subject_13_140,,[1.8737558500188705],[1.631205187886559],[nan],[nan],,
Subject_13_141,,[1.689271728275094],[1.581312034242613],[nan],[nan],,
Subject_13_142,,[nan],[1.4117584434042338],[nan],[nan],,
Subject_13_143,,[nan],[1.446622361167163],[nan],[nan],,
Subject_13_144,,[nan],[1.6611337366428136],[nan],[nan],,
Subject_13_145,,[nan],[1.583153554108416],[nan],[nan],,
Subject_13_146,,[nan],[1.3715280922142277],[nan],[nan],,
Subject_13_147,,[nan],[1.3409815085700854],[nan],[nan],,
Subject_14_021,,[2.0343595067171183],[nan],[nan],[nan],,
Subject_14_022,,[1.8170516667955363],[nan],[1.7828501501473788],[nan],,
Subject_14_023,,[2.33499580671973],[nan],[1.6413361131698398],[nan],,
Subject_14_024,,[2.01320016677523],[nan],[1.606087112909622],[nan],,
Subject_14_025,,[1.975589836076474],[nan],[1.5991393367742672],[nan],,
Subject_14_026,,[2.077447064587733],[nan],[1.67090792434927],[nan],,
Subject_14_027,,[1.9929253338538584],[nan],[1.6775185887515407],[nan],,
Subject_14_028,,[2.0436271780443374],[nan],[1.6595127959688145],[nan],,
Subject_14_029,,[1.8824455248430285],[nan],[1.6232685895119716],[nan],,
Subject_14_030,,[1.889319268847017],[nan],[1.545173888828002],[nan],,
Subject_14_031,,[1.8550805207058576],[nan],[1.6458865755383116],[nan],,
Subject_14_032,,[1.6332271713595827],[nan],[1.6844835502004218],[nan],,
Subject_14_033,,[1.7193948262549006],[nan],[1.6082859474777402],[nan],,
Subject_14_034,,[1.667412051185135],[nan],[1.7450449837113755],[nan],,
Subject_14_035,,[1.74583978192864],[nan],[1.914544089489529],[nan],,
Subject_14_036,,[1.911049633684033],[nan],[2.0216718553936883],[nan],,
Subject_14_037,,[1.8451028660900666],[nan],[2.189748219592557],[nan],,
Subject_14_038,,[1.9478209337666421],[nan],[2.153427384256594],[nan],,
Subject_14_039,,[1.886071128549722],[nan],[2.26174725966879],[nan],,
Subject_14_040,,[1.9822213659561254],[nan],[2.3204118082781964],[nan],,
Subject_14_041,,[1.9346178513853627],[nan],[2.217630603659735],[nan],,
Subject_14_042,,[1.8920322769943327],[nan],[2.142639046444175],[nan],,
Subject_14_043,,[1.9175573441699347],[nan],[2.115257680616275],[nan],,
Subject_14_044,,[1.8805511661046386],[nan],[2.143914485011648],[nan],,
Subject_14_045,,[1.7457784423013065],[nan],[2.0980053260231526],[nan],,
Subject_14_046,,[1.8769771799013268],[nan],[2.0284179621496405],[nan],,
Subject_14_047,,[1.7319557193299],[nan],[2.189136884469009],[nan],,
Subject_14_048,,[1.7841777489351025],[nan],[2.1749411194919452],[nan],,
Subject_14_049,,[1.8324644090903426],[nan],[2.1124205743177167],[nan],,
Subject_14_050,,[1.866659712808741],[nan],[2.1175919083192776],[nan],,
Subject_14_051,,[1.8447404674026886],[nan],[2.061296317407014],[nan],,
Subject_14_052,,[1.9581516492023197],[nan],[1.943215738361713],[nan],,
Subject_14_053,,[2.002378885534149],[nan],[1.7991509084607418],[nan],,
Subject_14_054,,[1.9549521949763968],[nan],[1.9962694706332682],[nan],,
Subject_14_055,,[1.9836688040899624],[nan],[2.0472162565649272],[nan],,
Subject_14_056,,[1.9421755776873881],[nan],[2.097342728264987],[nan],,
Subject_14_057,,[1.9405242814815507],[nan],[2.0803001582278813],[nan],,
Subject_14_058,,[2.0254988743594913],[nan],[2.1682504544936965],[nan],,
Subject_14_059,,[2.121193661001289],[nan],[2.198295319870254],[nan],,
Subject_14_060,,[2.088529114649636],[nan],[2.322367539682196],[nan],,
Subject_14_061,,[2.0788205722508963],[nan],[2.431809447740022],[nan],,
Subject_14_062,,[2.084233476640374],[nan],[2.4548054097920198],[nan],,
Subject_14_063,,[2.077392251228248],[nan],[2.3501452885078145],[1.5108125747455163],,
Subject_14_064,,[2.1417977271194757],[nan],[2.3745883984138008],[1.6706074385235776],,
Subject_14_065,,[2.0829408810093137],[nan],[2.4516685613648788],[2.213942093219171],,
Subject_14_066,,[2.2010360615717026],[nan],[2.4500009137724685],[2.361496709819854],,
Subject_14_067,,[2.023204607017903],[nan],[2.345049841046034],[2.5458856425881917],,
Subject_14_068,,[1.9043634760605044],[nan],[1.897954174686587],[2.569131467406647],,
Subject_14_069,,[2.260010042876799],[nan],[2.2308972407783703],[2.4965434708641334],,
Subject_14_070,,[2.367301836818898],[nan],[2.0401348763704648],[2.5806577135397863],,
Subject_14_071,,[2.333722807304846],[nan],[1.8067724137412597],[2.6515268226608755],,
Subject_14_072,,[2.370941141315592],[nan],[1.8618985905876386],[2.6252947956666066],,
Subject_14_073,,[2.457618153596216],[nan],[1.7029118504253655],[2.6075835378644823],,
Subject_14_074,,[2.427359112324773],[nan],[nan],[2.553373077398092],,
Subject_14_075,,[2.2659498289909945],[nan],[nan],[2.5477536735404933],,
Subject_14_076,,[2.291677863977081],[nan],[nan],[2.493634772030239],,
Subject_14_077,,[2.419635956975831],[nan],[nan],[2.4539066277500785],,
Subject_14_078,,[2.5768400932112634],[nan],[nan],[2.5663281770121253],,
Subject_14_079,,[2.4885756611494325],[nan],[nan],[2.4739156648181515],,
Subject_14_080,,[2.410727401969358],[nan],[nan],[2.404381314616798],,
Subject_14_081,,[2.6827962800055287],[nan],[nan],[2.3468240674389445],,
Subject_14_082,,[2.565861311676903],[nan],[nan],[2.234485178705111],,
Subject_14_083,,[2.691398968229498],[nan],[nan],[2.2678496439019296],,
Subject_14_084,,[2.67453489430338],[nan],[nan],[1.9803966206800814],,
Subject_14_085,,[2.373730050440085],[nan],[nan],[2.2795534663477417],,
Subject_14_086,,[2.6962806334025973],[nan],[nan],[2.1318520066565947],,
Subject_14_087,,[2.667604398152971],[nan],[nan],[2.3656428962181617],,
Subject_14_088,,[2.580000550490481],[nan],[nan],[2.37701032770859],,
Subject_14_089,,[2.545017765333325],[nan],[nan],[2.172017281384089],,
Subject_14_090,,[2.5255381455468173],[nan],[nan],[2.2502010401014902],,
Subject_14_091,,[2.4291101095421292],[nan],[nan],[2.369089832592264],,
Subject_14_092,,[2.430069455224316],[1.6138791561436012],[nan],[2.376503949940306],,
Subject_14_093,,[2.4941789045491785],[1.6108280100909553],[nan],[2.2988336460748386],,
Subject_14_094,,[2.7803435755367585],[1.4713648852812597],[nan],[2.427552570403749],,
Subject_14_095,,[2.37185010228973],[1.7079838676213215],[nan],[2.5558456540784955],,
Subject_14_096,,[2.418394160073168],[1.6708355998215372],[nan],[2.7255802765477752],,
Subject_14_097,,[2.405810991039095],[1.629258062774393],[nan],[2.7935855234386175],,
Subject_14_098,,[2.4527403827490857],[1.917288120524454],[nan],[2.640198388687968],,
Subject_14_099,,[2.3733398036605453],[2.132569215638305],[nan],[2.4928678821014305],,
Subject_14_100,,[2.472978707738385],[2.2130905557837695],[nan],[2.311351744640931],,
Subject_14_101,,[2.2716308633809215],[2.4404837392349066],[nan],[2.5305052821241953],,
Subject_14_102,,[2.156551300101507],[2.3606856972116073],[nan],[2.5574789893876075],,
Subject_14_103,,[2.3067021359802298],[2.6988705922822676],[nan],[2.7416947040436046],,
Subject_14_104,,[2.2225477658057082],[2.6534521757101683],[nan],[2.6638646627037224],,
Subject_14_105,,[2.135103698423976],[2.951896629651246],[nan],[2.568861757117802],,
Subject_14_106,,[2.147667959382346],[2.902512479565756],[nan],[2.6436087331763103],,
Subject_14_107,,[2.1220662497990928],[2.716023250709981],[nan],[2.5490163211191996],,
Subject_14_108,,[2.34327639336573],[2.973335166806138],[nan],[2.538717776505062],,
Subject_14_109,,[2.2961130345726484],[2.9019314194376014],[nan],[2.5204228589388773],,
Subject_14_110,,[2.233680931957963],[2.8644412364682563],[nan],[2.3123123541476587],,
Subject_14_111,,[2.28503200423094],[2.729121825866622],[nan],[2.445527824381883],,
Subject_14_112,,[2.372153059808655],[2.7059083079578308],[nan],[2.3671894152842774],,
Subject_14_113,,[2.1966966660903173],[2.6562984540339936],[nan],[2.4628833809641786],,
Subject_14_114,,[2.2123981405190984],[2.613007938676353],[nan],[2.3538150816353727],,
Subject_14_115,,[2.1083011910163156],[2.46275440744783],[nan],[2.4788214484340307],,
Subject_14_116,,[2.175776881786071],[2.4782164448033623],[nan],[2.2506766193185728],,
Subject_14_117,,[2.119956341610363],[2.346637516486686],[nan],[2.314291930809521],,
Subject_14_118,,[2.132336191323714],[2.366339409532607],[nan],[2.3468010621235735],,
Subject_14_119,,[2.0959750134550896],[2.2606759302394517],[nan],[2.4331963583993685],,
Subject_14_120,,[2.062502961298839],[2.2507961067791578],[nan],[2.1022606657284126],,
Subject_14_121,,[1.9759614746339262],[2.155623662748666],[nan],[2.0597409974388516],,
Subject_14_122,,[1.9400718507468095],[2.030085894352348],[nan],[2.3369961884499815],,
Subject_14_123,,[1.9794809643134976],[2.1271747373981778],[nan],[2.2015797333881517],,
Subject_14_124,,[1.8582441937085579],[2.048320058518021],[nan],[2.085502904466057],,
Subject_14_125,,[1.7433403186882657],[2.0511429505516134],[nan],[2.1226381923168485],,
Subject_14_126,,[1.6647103117650637],[2.087129766329402],[nan],[1.828163031154962],,
Subject_14_127,,[1.7051211975368201],[2.073136566699776],[nan],[1.6237619346785905],,
Subject_14_128,,[1.648974504182414],[2.069345571542888],[nan],[1.5131532628889446],,
Subject_14_129,,[1.6137929419631039],[1.9654853327425794],[nan],[1.486011240366183],,
Subject_14_130,,[1.626036812936087],[1.6385246452592923],[nan],[nan],,
Subject_14_131,,[1.5386126010170265],[1.6261200661457351],[nan],[nan],,
Subject_14_132,,[1.501538322672478],[1.6498655794273591],[nan],[nan],,
Subject_14_133,,[1.4635553127471965],[1.6443808208044255],[nan],[nan],,
Subject_14_134,,[1.361319113208756],[1.4573318146108984],[nan],[nan],,
Subject_14_135,,[1.4647479049663577],[1.4073978666993925],[nan],[nan],,
Subject_14_136,,[1.3923309634182495],[1.3320978712453029],[nan],[nan],,
Subject_14_137,,[1.3575292010272726],[1.4692089415590937],[nan],[nan],,
Subject_14_138,,[1.305538104820444],[nan],[nan],[nan],,
Subject_14_139,,[1.4002588696723217],[nan],[nan],[nan],,
Subject_14_140,,[1.5327120450406597],[nan],[nan],[nan],,
